date,product_category,profit,month_name
2023-01-01,Electronics,70.97682014573365,Jan
2023-01-01,Apparel,87.145452555269,Jan
2023-01-01,Home Goods,54.51453605899587,Jan
2023-01-01,Books,130.6086875149049,Jan
2023-01-02,Electronics,91.34331669192761,Jan
2023-01-02,Apparel,104.89690747810528,Jan
2023-01-02,Home Goods,32.680652709677815,Jan
2023-01-02,Books,83.31956810317934,Jan
2023-01-03,Electronics,53.74366962350905,Jan
2023-01-03,Apparel,27.191620224621147,Jan
2023-01-03,Home Goods,39.2365212389268,Jan
2023-01-03,Books,118.6337809683755,Jan
2023-01-04,Electronics,186.7979825125076,Jan
2023-01-04,Apparel,34.55658186227083,Jan
2023-01-04,Home Goods,67.83275712048635,Jan
2023-01-04,Books,104.50828162254766,Jan
2023-01-05,Electronics,177.62791868299246,Jan
2023-01-05,Apparel,104.08786452375352,Jan
2023-01-05,Home Goods,66.99322724947706,Jan
2023-01-05,Books,69.44322836352512,Jan
2023-01-06,Electronics,76.9260679022409,Jan
2023-01-06,Apparel,79.97303791111335,Jan
2023-01-06,Home Goods,48.360990760847926,Jan
2023-01-06,Books,49.156295051798224,Jan
2023-01-07,Electronics,176.99487764621153,Jan
2023-01-07,Apparel,51.9483449915424,Jan
2023-01-07,Home Goods,50.61530472943559,Jan
2023-01-07,Books,101.13673356594518,Jan
2023-01-08,Electronics,187.07855743123218,Jan
2023-01-08,Apparel,112.13737142039463,Jan
2023-01-08,Home Goods,22.03649578616023,Jan
2023-01-08,Books,66.1315449140966,Jan
2023-01-09,Electronics,159.1265545343049,Jan
2023-01-09,Apparel,126.61501253489405,Jan
2023-01-09,Home Goods,75.18478887854144,Jan
2023-01-09,Books,87.40129242651165,Jan
2023-01-10,Electronics,152.1032467018813,Jan
2023-01-10,Apparel,141.56392903067172,Jan
2023-01-10,Home Goods,74.1923407651484,Jan
2023-01-10,Books,90.9686375176534,Jan
2023-01-11,Electronics,178.8210975471884,Jan
2023-01-11,Apparel,108.652361726854,Jan
2023-01-11,Home Goods,73.53857503272593,Jan
2023-01-11,Books,141.92291133338585,Jan
2023-01-12,Electronics,140.8889906364493,Jan
2023-01-12,Apparel,117.48112791217864,Jan
2023-01-12,Home Goods,53.49490953376517,Jan
2023-01-12,Books,106.93525904323906,Jan
2023-01-13,Electronics,148.0764680658467,Jan
2023-01-13,Apparel,35.96210689051077,Jan
2023-01-13,Home Goods,10.258687564637512,Jan
2023-01-13,Books,118.78594893030822,Jan
2023-01-14,Electronics,128.24028035392985,Jan
2023-01-14,Apparel,61.68000061996281,Jan
2023-01-14,Home Goods,13.560010408982635,Jan
2023-01-14,Books,74.78235991671681,Jan
2023-01-15,Electronics,106.20829496765509,Jan
2023-01-15,Apparel,27.858864062000066,Jan
2023-01-15,Home Goods,61.16119078127667,Jan
2023-01-15,Books,114.69021303579211,Jan
2023-01-16,Electronics,158.23335507884622,Jan
2023-01-16,Apparel,50.647668682504445,Jan
2023-01-16,Home Goods,65.24787939852104,Jan
2023-01-16,Books,114.12042949348688,Jan
2023-01-17,Electronics,117.73022373672575,Jan
2023-01-17,Apparel,38.973918550182134,Jan
2023-01-17,Home Goods,40.462170301470906,Jan
2023-01-17,Books,96.38879671227187,Jan
2023-01-18,Electronics,173.30144838197157,Jan
2023-01-18,Apparel,103.05545489769429,Jan
2023-01-18,Home Goods,13.09453748865053,Jan
2023-01-18,Books,74.16495868936181,Jan
2023-01-19,Electronics,85.8972909860313,Jan
2023-01-19,Apparel,68.05002124747261,Jan
2023-01-19,Home Goods,29.561915376689285,Jan
2023-01-19,Books,51.785916194785386,Jan
2023-01-20,Electronics,83.79590479889885,Jan
2023-01-20,Apparel,126.2984880618751,Jan
2023-01-20,Home Goods,56.44280943321064,Jan
2023-01-20,Books,48.02104975795373,Jan
2023-01-21,Electronics,199.7382121044211,Jan
2023-01-21,Apparel,59.03175438987091,Jan
2023-01-21,Home Goods,69.34932336211205,Jan
2023-01-21,Books,47.29674730915576,Jan
2023-01-22,Electronics,51.47304725833237,Jan
2023-01-22,Apparel,39.41476389300078,Jan
2023-01-22,Home Goods,39.058466758579016,Jan
2023-01-22,Books,64.6845229784958,Jan
2023-01-23,Electronics,61.39818418305367,Jan
2023-01-23,Apparel,141.93352717207745,Jan
2023-01-23,Home Goods,31.222616529557854,Jan
2023-01-23,Books,83.2038488611579,Jan
2023-01-24,Electronics,84.85862705856562,Jan
2023-01-24,Apparel,97.56480373442173,Jan
2023-01-24,Home Goods,67.33856179984286,Jan
2023-01-24,Books,131.64677215507254,Jan
2023-01-25,Electronics,125.20046735880896,Jan
2023-01-25,Apparel,112.26750135188922,Jan
2023-01-25,Home Goods,28.22052787290886,Jan
2023-01-25,Books,40.66663473378867,Jan
2023-01-26,Electronics,176.4497644850053,Jan
2023-01-26,Apparel,50.88609921513125,Jan
2023-01-26,Home Goods,19.261967453639954,Jan
2023-01-26,Books,131.747624585405,Jan
2023-01-27,Electronics,71.11914346460253,Jan
2023-01-27,Apparel,44.80773685267195,Jan
2023-01-27,Home Goods,79.41479355562478,Jan
2023-01-27,Books,91.67103415122256,Jan
2023-01-28,Electronics,177.00761649757624,Jan
2023-01-28,Apparel,146.73453385941684,Jan
2023-01-28,Home Goods,19.107852193992585,Jan
2023-01-28,Books,117.20352346776053,Jan
2023-01-29,Electronics,66.94990959949791,Jan
2023-01-29,Apparel,135.91364306863397,Jan
2023-01-29,Home Goods,63.10787444235757,Jan
2023-01-29,Books,44.708910272456706,Jan
2023-01-30,Electronics,124.5286132558249,Jan
2023-01-30,Apparel,84.3638371443376,Jan
2023-01-30,Home Goods,51.413535019382834,Jan
2023-01-30,Books,97.01986355241388,Jan
2023-01-31,Electronics,165.0615946156904,Jan
2023-01-31,Apparel,143.85082493303344,Jan
2023-01-31,Home Goods,57.59601782076061,Jan
2023-01-31,Books,121.31687727058306,Jan
2023-02-01,Electronics,114.32097828947008,Feb
2023-02-01,Apparel,136.260654181242,Feb
2023-02-01,Home Goods,18.09338425984606,Feb
2023-02-01,Books,139.16359410621226,Feb
2023-02-02,Electronics,184.44158677011728,Feb
2023-02-02,Apparel,129.7956543462351,Feb
2023-02-02,Home Goods,70.14720930485055,Feb
2023-02-02,Books,63.36670761695132,Feb
2023-02-03,Electronics,117.16855348786339,Feb
2023-02-03,Apparel,35.63968745525926,Feb
2023-02-03,Home Goods,76.89823356689885,Feb
2023-02-03,Books,77.24635644815862,Feb
2023-02-04,Electronics,76.77022265270352,Feb
2023-02-04,Apparel,66.6226985794492,Feb
2023-02-04,Home Goods,65.53523421054706,Feb
2023-02-04,Books,114.3864825903438,Feb
2023-02-05,Electronics,156.35116240009665,Feb
2023-02-05,Apparel,99.7130567743443,Feb
2023-02-05,Home Goods,68.33533213241026,Feb
2023-02-05,Books,48.1260021077469,Feb
2023-02-06,Electronics,124.6171063859947,Feb
2023-02-06,Apparel,48.2526157097891,Feb
2023-02-06,Home Goods,24.890798421110958,Feb
2023-02-06,Books,83.29785854788497,Feb
2023-02-07,Electronics,144.56301380414516,Feb
2023-02-07,Apparel,66.29913613433018,Feb
2023-02-07,Home Goods,24.770817703101784,Feb
2023-02-07,Books,60.48804567893967,Feb
2023-02-08,Electronics,132.95515711652115,Feb
2023-02-08,Apparel,123.89878408052027,Feb
2023-02-08,Home Goods,49.39205118454993,Feb
2023-02-08,Books,144.7363811149262,Feb
2023-02-09,Electronics,75.03332258202136,Feb
2023-02-09,Apparel,131.18424852378666,Feb
2023-02-09,Home Goods,62.3330392758362,Feb
2023-02-09,Books,68.16402275813743,Feb
2023-02-10,Electronics,110.17568670213223,Feb
2023-02-10,Apparel,76.14123028237373,Feb
2023-02-10,Home Goods,56.794674911070615,Feb
2023-02-10,Books,137.97919733915478,Feb
2023-02-11,Electronics,174.684283870738,Feb
2023-02-11,Apparel,82.44839689927176,Feb
2023-02-11,Home Goods,33.214821023866534,Feb
2023-02-11,Books,73.69204882532358,Feb
2023-02-12,Electronics,98.7905524787493,Feb
2023-02-12,Apparel,114.9529020767659,Feb
2023-02-12,Home Goods,20.81964762415737,Feb
2023-02-12,Books,117.52869598334655,Feb
2023-02-13,Electronics,114.95033823885024,Feb
2023-02-13,Apparel,57.422192580997944,Feb
2023-02-13,Home Goods,43.98050901014358,Feb
2023-02-13,Books,110.25581560330465,Feb
2023-02-14,Electronics,85.76917087193578,Feb
2023-02-14,Apparel,50.265689936932176,Feb
2023-02-14,Home Goods,44.56867073196918,Feb
2023-02-14,Books,76.140194197651,Feb
2023-02-15,Electronics,141.61488011013716,Feb
2023-02-15,Apparel,142.4823451321572,Feb
2023-02-15,Home Goods,78.56196258915588,Feb
2023-02-15,Books,75.68079315358773,Feb
2023-02-16,Electronics,90.55812476435676,Feb
2023-02-16,Apparel,94.21084000263363,Feb
2023-02-16,Home Goods,74.95201573939994,Feb
2023-02-16,Books,50.078401698265225,Feb
2023-02-17,Electronics,77.69902717554942,Feb
2023-02-17,Apparel,100.24244498927146,Feb
2023-02-17,Home Goods,66.55971645843238,Feb
2023-02-17,Books,135.73787129018456,Feb
2023-02-18,Electronics,185.87798038497567,Feb
2023-02-18,Apparel,98.74239441007376,Feb
2023-02-18,Home Goods,56.14626639522612,Feb
2023-02-18,Books,67.55230653798208,Feb
2023-02-19,Electronics,71.6619687853381,Feb
2023-02-19,Apparel,38.58804222662002,Feb
2023-02-19,Home Goods,57.1718680486083,Feb
2023-02-19,Books,130.28747269883752,Feb
2023-02-20,Electronics,69.83007821254432,Feb
2023-02-20,Apparel,87.28856487898156,Feb
2023-02-20,Home Goods,11.95843362947926,Feb
2023-02-20,Books,132.6853294018656,Feb
2023-02-21,Electronics,145.5990769318305,Feb
2023-02-21,Apparel,62.55876393755898,Feb
2023-02-21,Home Goods,37.704476648941636,Feb
2023-02-21,Books,108.9665085147135,Feb
2023-02-22,Electronics,192.43285054108128,Feb
2023-02-22,Apparel,135.70462396601215,Feb
2023-02-22,Home Goods,15.182756180875003,Feb
2023-02-22,Books,41.331323387566954,Feb
2023-02-23,Electronics,77.90126503678039,Feb
2023-02-23,Apparel,79.64470777427778,Feb
2023-02-23,Home Goods,62.219572535250336,Feb
2023-02-23,Books,100.64094934146851,Feb
2023-02-24,Electronics,172.39314606413245,Feb
2023-02-24,Apparel,111.28253252245486,Feb
2023-02-24,Home Goods,32.81058271182701,Feb
2023-02-24,Books,77.1835228940472,Feb
2023-02-25,Electronics,116.25858414918184,Feb
2023-02-25,Apparel,79.91752776084468,Feb
2023-02-25,Home Goods,69.70203865785152,Feb
2023-02-25,Books,123.65836137440056,Feb
2023-02-26,Electronics,139.85651636030525,Feb
2023-02-26,Apparel,98.02189889829606,Feb
2023-02-26,Home Goods,72.99341340782121,Feb
2023-02-26,Books,97.93293156195432,Feb
2023-02-27,Electronics,167.1298527275212,Feb
2023-02-27,Apparel,28.328930630814284,Feb
2023-02-27,Home Goods,53.01045843400061,Feb
2023-02-27,Books,86.18122362997383,Feb
2023-02-28,Electronics,125.79778584185988,Feb
2023-02-28,Apparel,141.6707838512957,Feb
2023-02-28,Home Goods,55.28313917340711,Feb
2023-02-28,Books,75.01530199311674,Feb
2023-03-01,Electronics,50.85284118540585,Mar
2023-03-01,Apparel,148.7942113983445,Mar
2023-03-01,Home Goods,63.887187980581075,Mar
2023-03-01,Books,119.74016698542982,Mar
2023-03-02,Electronics,185.59960491256788,Mar
2023-03-02,Apparel,55.84724115207791,Mar
2023-03-02,Home Goods,78.63594444934279,Mar
2023-03-02,Books,46.67791284387931,Mar
2023-03-03,Electronics,132.4517773464322,Mar
2023-03-03,Apparel,139.23803594894707,Mar
2023-03-03,Home Goods,15.993236971553415,Mar
2023-03-03,Books,113.33357641939074,Mar
2023-03-04,Electronics,85.69612517021596,Mar
2023-03-04,Apparel,82.8556124237366,Mar
2023-03-04,Home Goods,24.94897303637117,Mar
2023-03-04,Books,72.6756618055515,Mar
2023-03-05,Electronics,57.107343222014606,Mar
2023-03-05,Apparel,39.6828457294032,Mar
2023-03-05,Home Goods,48.962580068036914,Mar
2023-03-05,Books,81.9987403578125,Mar
2023-03-06,Electronics,161.97339198552072,Mar
2023-03-06,Apparel,89.6174784633331,Mar
2023-03-06,Home Goods,67.08966428646818,Mar
2023-03-06,Books,132.84409254789352,Mar
2023-03-07,Electronics,193.52287981892005,Mar
2023-03-07,Apparel,107.08258079597726,Mar
2023-03-07,Home Goods,13.940083999186754,Mar
2023-03-07,Books,122.85758790560067,Mar
2023-03-08,Electronics,104.2628302006051,Mar
2023-03-08,Apparel,121.50470410240814,Mar
2023-03-08,Home Goods,56.14105864893645,Mar
2023-03-08,Books,101.80286447284743,Mar
2023-03-09,Electronics,101.3028853922151,Mar
2023-03-09,Apparel,43.56630679219961,Mar
2023-03-09,Home Goods,61.74066143576056,Mar
2023-03-09,Books,131.66500522289425,Mar
2023-03-10,Electronics,123.8303012913093,Mar
2023-03-10,Apparel,121.45480672596022,Mar
2023-03-10,Home Goods,41.205681785941124,Mar
2023-03-10,Books,45.133662128355354,Mar
2023-03-11,Electronics,123.12736988533288,Mar
2023-03-11,Apparel,20.843064743094146,Mar
2023-03-11,Home Goods,23.570761552546173,Mar
2023-03-11,Books,73.85960169136524,Mar
2023-03-12,Electronics,111.92144316155463,Mar
2023-03-12,Apparel,86.51130512356758,Mar
2023-03-12,Home Goods,69.67068200465292,Mar
2023-03-12,Books,109.98339446960017,Mar
2023-03-13,Electronics,152.67753828084096,Mar
2023-03-13,Apparel,109.15167246479541,Mar
2023-03-13,Home Goods,71.46260840585455,Mar
2023-03-13,Books,146.72081991564482,Mar
2023-03-14,Electronics,95.61371890595183,Mar
2023-03-14,Apparel,53.82663933793083,Mar
2023-03-14,Home Goods,52.56131565198302,Mar
2023-03-14,Books,126.38303192332387,Mar
2023-03-15,Electronics,112.60915872408077,Mar
2023-03-15,Apparel,78.92836263868958,Mar
2023-03-15,Home Goods,60.8218174893409,Mar
2023-03-15,Books,142.19345574267209,Mar
2023-03-16,Electronics,158.3480274770409,Mar
2023-03-16,Apparel,83.66250768303871,Mar
2023-03-16,Home Goods,16.207437119446695,Mar
2023-03-16,Books,113.18277592537925,Mar
2023-03-17,Electronics,106.28968516830355,Mar
2023-03-17,Apparel,53.14741988200694,Mar
2023-03-17,Home Goods,37.00924690347165,Mar
2023-03-17,Books,118.32109422655776,Mar
2023-03-18,Electronics,159.83419842086732,Mar
2023-03-18,Apparel,59.3780600768514,Mar
2023-03-18,Home Goods,40.06345825036988,Mar
2023-03-18,Books,70.00477569876239,Mar
2023-03-19,Electronics,111.58092827536166,Mar
2023-03-19,Apparel,46.88078784616664,Mar
2023-03-19,Home Goods,16.319261332973838,Mar
2023-03-19,Books,90.18199292011559,Mar
2023-03-20,Electronics,82.12925373809412,Mar
2023-03-20,Apparel,79.62845186935738,Mar
2023-03-20,Home Goods,34.483911585994065,Mar
2023-03-20,Books,90.82159121520817,Mar
2023-03-21,Electronics,60.43217480182648,Mar
2023-03-21,Apparel,92.00568793574348,Mar
2023-03-21,Home Goods,73.01340930862352,Mar
2023-03-21,Books,55.48058017389849,Mar
2023-03-22,Electronics,155.20892968634143,Mar
2023-03-22,Apparel,145.84007220342755,Mar
2023-03-22,Home Goods,26.58006588695571,Mar
2023-03-22,Books,45.16736797289923,Mar
2023-03-23,Electronics,62.59061028249562,Mar
2023-03-23,Apparel,34.16725916555151,Mar
2023-03-23,Home Goods,45.9353203442879,Mar
2023-03-23,Books,122.14821117464453,Mar
2023-03-24,Electronics,183.00985597306862,Mar
2023-03-24,Apparel,96.90564344637096,Mar
2023-03-24,Home Goods,70.4226668458432,Mar
2023-03-24,Books,52.54531339276582,Mar
2023-03-25,Electronics,199.72271490842104,Mar
2023-03-25,Apparel,101.57550916075706,Mar
2023-03-25,Home Goods,54.18646031524986,Mar
2023-03-25,Books,43.19926973897964,Mar
2023-03-26,Electronics,189.08647453645244,Mar
2023-03-26,Apparel,47.27050611516461,Mar
2023-03-26,Home Goods,36.53648931533098,Mar
2023-03-26,Books,46.78034708369523,Mar
2023-03-27,Electronics,129.2913020355627,Mar
2023-03-27,Apparel,43.322551667224616,Mar
2023-03-27,Home Goods,63.759742092806846,Mar
2023-03-27,Books,67.72887002211064,Mar
2023-03-28,Electronics,56.94279605522752,Mar
2023-03-28,Apparel,129.60720715112984,Mar
2023-03-28,Home Goods,77.3364678863436,Mar
2023-03-28,Books,87.31125301448628,Mar
2023-03-29,Electronics,181.52364923153073,Mar
2023-03-29,Apparel,93.60401581274346,Mar
2023-03-29,Home Goods,52.17095325468108,Mar
2023-03-29,Books,60.98565048770979,Mar
2023-03-30,Electronics,182.92162145953625,Mar
2023-03-30,Apparel,40.72869167663157,Mar
2023-03-30,Home Goods,72.66901154303923,Mar
2023-03-30,Books,128.34993548924103,Mar
2023-03-31,Electronics,137.7861289307475,Mar
2023-03-31,Apparel,35.75551851885393,Mar
2023-03-31,Home Goods,55.9198461426422,Mar
2023-03-31,Books,109.03178252512589,Mar
2023-04-01,Electronics,197.13761097518727,Apr
2023-04-01,Apparel,38.08563162339851,Apr
2023-04-01,Home Goods,29.331295483279973,Apr
2023-04-01,Books,121.33842386072502,Apr
2023-04-02,Electronics,90.05269188201055,Apr
2023-04-02,Apparel,115.16206701053306,Apr
2023-04-02,Home Goods,53.84281878359616,Apr
2023-04-02,Books,115.97546190023422,Apr
2023-04-03,Electronics,100.30177284497768,Apr
2023-04-03,Apparel,91.54079340863973,Apr
2023-04-03,Home Goods,61.27615101868287,Apr
2023-04-03,Books,51.990600272547454,Apr
2023-04-04,Electronics,103.8103042403236,Apr
2023-04-04,Apparel,55.67693573888391,Apr
2023-04-04,Home Goods,46.40209670877084,Apr
2023-04-04,Books,105.28602211968973,Apr
2023-04-05,Electronics,175.3918410744518,Apr
2023-04-05,Apparel,51.26428041839972,Apr
2023-04-05,Home Goods,64.22556350007653,Apr
2023-04-05,Books,103.86772564146668,Apr
2023-04-06,Electronics,198.0681259650737,Apr
2023-04-06,Apparel,59.25395749974996,Apr
2023-04-06,Home Goods,63.77995334099978,Apr
2023-04-06,Books,59.63520127115771,Apr
2023-04-07,Electronics,162.57118813227862,Apr
2023-04-07,Apparel,21.95792314596474,Apr
2023-04-07,Home Goods,19.181347195990384,Apr
2023-04-07,Books,89.59831228945404,Apr
2023-04-08,Electronics,57.64193807262927,Apr
2023-04-08,Apparel,43.690772615373135,Apr
2023-04-08,Home Goods,51.225469207856804,Apr
2023-04-08,Books,75.14774740673602,Apr
2023-04-09,Electronics,139.60317794699222,Apr
2023-04-09,Apparel,125.36366347456351,Apr
2023-04-09,Home Goods,76.60191686125472,Apr
2023-04-09,Books,147.31288148323074,Apr
2023-04-10,Electronics,162.53302494296804,Apr
2023-04-10,Apparel,128.63382805371657,Apr
2023-04-10,Home Goods,29.718310942407697,Apr
2023-04-10,Books,137.98689260846004,Apr
2023-04-11,Electronics,116.88879838911816,Apr
2023-04-11,Apparel,73.98533557541668,Apr
2023-04-11,Home Goods,26.56277601607144,Apr
2023-04-11,Books,55.91453288914636,Apr
2023-04-12,Electronics,130.8943945914507,Apr
2023-04-12,Apparel,88.26651601586491,Apr
2023-04-12,Home Goods,55.424716759007424,Apr
2023-04-12,Books,103.49442751612514,Apr
2023-04-13,Electronics,171.991488232743,Apr
2023-04-13,Apparel,103.28084701206535,Apr
2023-04-13,Home Goods,29.090462259482592,Apr
2023-04-13,Books,131.12775319255888,Apr
2023-04-14,Electronics,160.4241801192984,Apr
2023-04-14,Apparel,57.02115889871493,Apr
2023-04-14,Home Goods,58.38337408611551,Apr
2023-04-14,Books,108.04313492495567,Apr
2023-04-15,Electronics,175.70112034445629,Apr
2023-04-15,Apparel,79.07129598781466,Apr
2023-04-15,Home Goods,73.90964179532602,Apr
2023-04-15,Books,55.85638137534261,Apr
2023-04-16,Electronics,67.26916895713657,Apr
2023-04-16,Apparel,35.83293018862605,Apr
2023-04-16,Home Goods,10.391947228927165,Apr
2023-04-16,Books,128.47516518086195,Apr
2023-04-17,Electronics,144.01288288645446,Apr
2023-04-17,Apparel,81.68628784362227,Apr
2023-04-17,Home Goods,29.82420750427991,Apr
2023-04-17,Books,126.2792300619185,Apr
2023-04-18,Electronics,112.19448823248968,Apr
2023-04-18,Apparel,107.3431739397347,Apr
2023-04-18,Home Goods,56.52142361737788,Apr
2023-04-18,Books,102.64611250488088,Apr
2023-04-19,Electronics,179.15881301742047,Apr
2023-04-19,Apparel,104.07234858023003,Apr
2023-04-19,Home Goods,30.140970069915056,Apr
2023-04-19,Books,93.43467532657087,Apr
2023-04-20,Electronics,123.71513890102506,Apr
2023-04-20,Apparel,48.83111366769299,Apr
2023-04-20,Home Goods,14.631306389346719,Apr
2023-04-20,Books,132.33945928746834,Apr
2023-04-21,Electronics,51.885926991235465,Apr
2023-04-21,Apparel,33.371735860127956,Apr
2023-04-21,Home Goods,73.96716476185247,Apr
2023-04-21,Books,139.67387119075283,Apr
2023-04-22,Electronics,119.3599155289121,Apr
2023-04-22,Apparel,50.98604079801589,Apr
2023-04-22,Home Goods,22.406552145257592,Apr
2023-04-22,Books,107.11348836775869,Apr
2023-04-23,Electronics,168.30425668740645,Apr
2023-04-23,Apparel,95.46644828282297,Apr
2023-04-23,Home Goods,16.27642628736794,Apr
2023-04-23,Books,119.48422825429589,Apr
2023-04-24,Electronics,87.12406280683354,Apr
2023-04-24,Apparel,84.64711499167606,Apr
2023-04-24,Home Goods,42.83888068282977,Apr
2023-04-24,Books,86.11113224877045,Apr
2023-04-25,Electronics,162.30782541679218,Apr
2023-04-25,Apparel,63.059287543874234,Apr
2023-04-25,Home Goods,19.006126180756837,Apr
2023-04-25,Books,85.41479070670903,Apr
2023-04-26,Electronics,106.09234663425013,Apr
2023-04-26,Apparel,58.76955562038347,Apr
2023-04-26,Home Goods,17.705192025750875,Apr
2023-04-26,Books,102.57749364944175,Apr
2023-04-27,Electronics,134.4307148247026,Apr
2023-04-27,Apparel,89.38855395419523,Apr
2023-04-27,Home Goods,40.838944495189935,Apr
2023-04-27,Books,149.79117341106758,Apr
2023-04-28,Electronics,63.588535611052066,Apr
2023-04-28,Apparel,26.266458448953927,Apr
2023-04-28,Home Goods,54.245148012414575,Apr
2023-04-28,Books,90.62213895143941,Apr
2023-04-29,Electronics,84.31479199789464,Apr
2023-04-29,Apparel,125.83806711249053,Apr
2023-04-29,Home Goods,26.888200279790908,Apr
2023-04-29,Books,137.88851628545672,Apr
2023-04-30,Electronics,180.87075024377555,Apr
2023-04-30,Apparel,90.05632681539282,Apr
2023-04-30,Home Goods,19.326248348224908,Apr
2023-04-30,Books,149.8683958943002,Apr
2023-05-01,Electronics,105.54551696404815,May
2023-05-01,Apparel,90.33000568626449,May
2023-05-01,Home Goods,12.97866048058495,May
2023-05-01,Books,86.14392822375521,May
2023-05-02,Electronics,69.11369916051626,May
2023-05-02,Apparel,99.33983047027141,May
2023-05-02,Home Goods,10.257797767408192,May
2023-05-02,Books,78.34943749709055,May
2023-05-03,Electronics,111.91310529829934,May
2023-05-03,Apparel,89.90674044238403,May
2023-05-03,Home Goods,79.55365697853267,May
2023-05-03,Books,52.47996267629787,May
2023-05-04,Electronics,59.325458481907845,May
2023-05-04,Apparel,117.46266038622707,May
2023-05-04,Home Goods,53.01158613525331,May
2023-05-04,Books,42.16730321990326,May
2023-05-05,Electronics,107.34391523292288,May
2023-05-05,Apparel,35.73369960067794,May
2023-05-05,Home Goods,13.38917613727972,May
2023-05-05,Books,92.58813259657472,May
2023-05-06,Electronics,98.21803957456723,May
2023-05-06,Apparel,71.78496233886108,May
2023-05-06,Home Goods,22.719340554904193,May
2023-05-06,Books,95.7456566975452,May
2023-05-07,Electronics,62.199552869424224,May
2023-05-07,Apparel,98.71487908763811,May
2023-05-07,Home Goods,51.326557295396924,May
2023-05-07,Books,83.29587433254346,May
2023-05-08,Electronics,59.77980879833922,May
2023-05-08,Apparel,135.38156275870278,May
2023-05-08,Home Goods,77.81810762127861,May
2023-05-08,Books,85.08982487488538,May
2023-05-09,Electronics,64.16184598347172,May
2023-05-09,Apparel,73.23458718368784,May
2023-05-09,Home Goods,27.788530136458576,May
2023-05-09,Books,88.20891732117161,May
2023-05-10,Electronics,109.47432899847627,May
2023-05-10,Apparel,143.73949081404135,May
2023-05-10,Home Goods,75.50580201670527,May
2023-05-10,Books,64.66844520997256,May
2023-05-11,Electronics,126.89675169531256,May
2023-05-11,Apparel,68.0371312936768,May
2023-05-11,Home Goods,59.90068635903299,May
2023-05-11,Books,107.95277777826414,May
2023-05-12,Electronics,120.3893854166381,May
2023-05-12,Apparel,106.47536403033882,May
2023-05-12,Home Goods,76.18110190145671,May
2023-05-12,Books,149.68952764291316,May
2023-05-13,Electronics,175.68575341720134,May
2023-05-13,Apparel,134.09982661018148,May
2023-05-13,Home Goods,42.374011820647866,May
2023-05-13,Books,126.85264335013926,May
2023-05-14,Electronics,147.43244673591107,May
2023-05-14,Apparel,48.88442660449073,May
2023-05-14,Home Goods,56.95104151498526,May
2023-05-14,Books,94.31738507701084,May
2023-05-15,Electronics,139.81387671083212,May
2023-05-15,Apparel,117.77590117650107,May
2023-05-15,Home Goods,16.580190984532237,May
2023-05-15,Books,118.66756879491732,May
2023-05-16,Electronics,179.71135226543993,May
2023-05-16,Apparel,77.79461583355442,May
2023-05-16,Home Goods,67.79108853312209,May
2023-05-16,Books,42.25744671653956,May
2023-05-17,Electronics,146.95016938494518,May
2023-05-17,Apparel,79.13377222372219,May
2023-05-17,Home Goods,49.55803049961105,May
2023-05-17,Books,129.35530173126608,May
2023-05-18,Electronics,134.3559558619745,May
2023-05-18,Apparel,147.6048401207663,May
2023-05-18,Home Goods,37.847973552998155,May
2023-05-18,Books,112.84981973003596,May
2023-05-19,Electronics,190.5721636954695,May
2023-05-19,Apparel,61.739538016263396,May
2023-05-19,Home Goods,66.67207723949105,May
2023-05-19,Books,124.87953901523724,May
2023-05-20,Electronics,182.93871491914615,May
2023-05-20,Apparel,141.99240887304768,May
2023-05-20,Home Goods,28.934535167645663,May
2023-05-20,Books,52.94736509677023,May
2023-05-21,Electronics,181.96398437721655,May
2023-05-21,Apparel,118.7179948319681,May
2023-05-21,Home Goods,33.97181738168001,May
2023-05-21,Books,60.05406251177192,May
2023-05-22,Electronics,133.2765726139769,May
2023-05-22,Apparel,84.00022204499692,May
2023-05-22,Home Goods,66.21254411293194,May
2023-05-22,Books,130.03488173242658,May
2023-05-23,Electronics,198.35496300365776,May
2023-05-23,Apparel,77.605458823964,May
2023-05-23,Home Goods,60.7404999807477,May
2023-05-23,Books,89.1959891305305,May
2023-05-24,Electronics,72.88570031523705,May
2023-05-24,Apparel,135.582871818915,May
2023-05-24,Home Goods,23.17738859448582,May
2023-05-24,Books,141.41749556874856,May
2023-05-25,Electronics,191.22318604495376,May
2023-05-25,Apparel,25.76229526894167,May
2023-05-25,Home Goods,51.00286971312016,May
2023-05-25,Books,109.1176610882394,May
2023-05-26,Electronics,123.23830786626786,May
2023-05-26,Apparel,53.67451620521024,May
2023-05-26,Home Goods,74.84320304822177,May
2023-05-26,Books,102.78214714722708,May
2023-05-27,Electronics,127.26533554960042,May
2023-05-27,Apparel,80.16938489861786,May
2023-05-27,Home Goods,38.46823264611885,May
2023-05-27,Books,61.08874675584957,May
2023-05-28,Electronics,111.0501182381995,May
2023-05-28,Apparel,41.31836778251454,May
2023-05-28,Home Goods,32.71232556318864,May
2023-05-28,Books,115.4825839260593,May
2023-05-29,Electronics,93.29921280732378,May
2023-05-29,Apparel,65.57400934863836,May
2023-05-29,Home Goods,21.090970244258642,May
2023-05-29,Books,101.51067010592669,May
2023-05-30,Electronics,52.908902789931744,May
2023-05-30,Apparel,55.49611286725849,May
2023-05-30,Home Goods,12.831628802232444,May
2023-05-30,Books,93.2821709336713,May
2023-05-31,Electronics,129.90467231720686,May
2023-05-31,Apparel,101.83660336071625,May
2023-05-31,Home Goods,53.2434353325516,May
2023-05-31,Books,82.56135000148788,May
2023-06-01,Electronics,84.86994926352054,Jun
2023-06-01,Apparel,130.3971645073034,Jun
2023-06-01,Home Goods,30.314589026384056,Jun
2023-06-01,Books,76.13467827672139,Jun
2023-06-02,Electronics,167.70840521203354,Jun
2023-06-02,Apparel,83.58672533882782,Jun
2023-06-02,Home Goods,39.943556871730834,Jun
2023-06-02,Books,95.96700412221253,Jun
2023-06-03,Electronics,61.51947014732286,Jun
2023-06-03,Apparel,21.442033392377198,Jun
2023-06-03,Home Goods,76.5529721789062,Jun
2023-06-03,Books,139.1524461680092,Jun
2023-06-04,Electronics,70.62655633781105,Jun
2023-06-04,Apparel,117.40308815147728,Jun
2023-06-04,Home Goods,72.39861284848303,Jun
2023-06-04,Books,128.33142538322136,Jun
2023-06-05,Electronics,50.63875319901854,Jun
2023-06-05,Apparel,42.84226344898343,Jun
2023-06-05,Home Goods,57.06708437297493,Jun
2023-06-05,Books,131.24193649506196,Jun
2023-06-06,Electronics,146.25618199352175,Jun
2023-06-06,Apparel,37.776296068914235,Jun
2023-06-06,Home Goods,78.09122293954715,Jun
2023-06-06,Books,95.9796006907709,Jun
2023-06-07,Electronics,128.28588258707896,Jun
2023-06-07,Apparel,45.321136550046504,Jun
2023-06-07,Home Goods,42.27923298953101,Jun
2023-06-07,Books,140.55393326329067,Jun
2023-06-08,Electronics,152.56233831169084,Jun
2023-06-08,Apparel,140.58581214630976,Jun
2023-06-08,Home Goods,42.38239808008075,Jun
2023-06-08,Books,42.48410563217476,Jun
2023-06-09,Electronics,121.8513699946925,Jun
2023-06-09,Apparel,65.19547095289454,Jun
2023-06-09,Home Goods,50.19844286842272,Jun
2023-06-09,Books,103.21134416386485,Jun
2023-06-10,Electronics,147.9782095295377,Jun
2023-06-10,Apparel,85.48401859588921,Jun
2023-06-10,Home Goods,48.513083779253066,Jun
2023-06-10,Books,50.75678987428546,Jun
2023-06-11,Electronics,198.16953836707398,Jun
2023-06-11,Apparel,30.06570638390258,Jun
2023-06-11,Home Goods,41.32645009551197,Jun
2023-06-11,Books,120.39284667233005,Jun
2023-06-12,Electronics,185.75194792356342,Jun
2023-06-12,Apparel,135.3117064316757,Jun
2023-06-12,Home Goods,12.834089724346995,Jun
2023-06-12,Books,120.32557553844526,Jun
2023-06-13,Electronics,195.22440728032961,Jun
2023-06-13,Apparel,27.587694467511028,Jun
2023-06-13,Home Goods,68.68442420382053,Jun
2023-06-13,Books,70.33550462685525,Jun
2023-06-14,Electronics,74.5028211036697,Jun
2023-06-14,Apparel,43.46504567656666,Jun
2023-06-14,Home Goods,52.95128529658541,Jun
2023-06-14,Books,82.07978149643168,Jun
2023-06-15,Electronics,69.2981043481268,Jun
2023-06-15,Apparel,135.22473201621324,Jun
2023-06-15,Home Goods,57.584415692836046,Jun
2023-06-15,Books,40.31772636808455,Jun
2023-06-16,Electronics,162.31207200326025,Jun
2023-06-16,Apparel,40.41934307664633,Jun
2023-06-16,Home Goods,71.36081159347668,Jun
2023-06-16,Books,118.8015559874475,Jun
2023-06-17,Electronics,95.97656513797119,Jun
2023-06-17,Apparel,96.20326132513583,Jun
2023-06-17,Home Goods,30.333530127536505,Jun
2023-06-17,Books,62.290902447421104,Jun
2023-06-18,Electronics,61.09587020473555,Jun
2023-06-18,Apparel,147.846921577584,Jun
2023-06-18,Home Goods,51.394586698152125,Jun
2023-06-18,Books,65.34977375064045,Jun
2023-06-19,Electronics,144.7437027003616,Jun
2023-06-19,Apparel,119.02874762425199,Jun
2023-06-19,Home Goods,57.32274382375181,Jun
2023-06-19,Books,48.98731104796752,Jun
2023-06-20,Electronics,106.09585599740967,Jun
2023-06-20,Apparel,123.11274433974177,Jun
2023-06-20,Home Goods,18.96573100006208,Jun
2023-06-20,Books,105.0406341208145,Jun
2023-06-21,Electronics,148.9998547011055,Jun
2023-06-21,Apparel,25.342973368242383,Jun
2023-06-21,Home Goods,17.55128287244588,Jun
2023-06-21,Books,120.77109347796068,Jun
2023-06-22,Electronics,64.93553986074403,Jun
2023-06-22,Apparel,73.42173300683498,Jun
2023-06-22,Home Goods,46.72611137852073,Jun
2023-06-22,Books,55.1030190102756,Jun
2023-06-23,Electronics,96.29546148935333,Jun
2023-06-23,Apparel,139.63514402508736,Jun
2023-06-23,Home Goods,52.116401912644506,Jun
2023-06-23,Books,68.80965319694951,Jun
2023-06-24,Electronics,103.49458812270314,Jun
2023-06-24,Apparel,25.17811352852732,Jun
2023-06-24,Home Goods,45.71307781152427,Jun
2023-06-24,Books,98.57165310299024,Jun
2023-06-25,Electronics,147.2553649218753,Jun
2023-06-25,Apparel,143.56549933552742,Jun
2023-06-25,Home Goods,42.39649969153106,Jun
2023-06-25,Books,125.89437078451738,Jun
2023-06-26,Electronics,171.7926762648858,Jun
2023-06-26,Apparel,80.46329546486959,Jun
2023-06-26,Home Goods,23.272963394410908,Jun
2023-06-26,Books,56.68586314190179,Jun
2023-06-27,Electronics,170.03100697183982,Jun
2023-06-27,Apparel,148.78026578808203,Jun
2023-06-27,Home Goods,36.667529221158475,Jun
2023-06-27,Books,140.05654151551425,Jun
2023-06-28,Electronics,113.10115101514384,Jun
2023-06-28,Apparel,128.99098254274577,Jun
2023-06-28,Home Goods,52.558063813485205,Jun
2023-06-28,Books,105.95221500610933,Jun
2023-06-29,Electronics,139.9571187561378,Jun
2023-06-29,Apparel,115.91747370548546,Jun
2023-06-29,Home Goods,62.100087981671095,Jun
2023-06-29,Books,73.03175395587459,Jun
2023-06-30,Electronics,121.19589919457212,Jun
2023-06-30,Apparel,64.46835967712104,Jun
2023-06-30,Home Goods,33.418763836380094,Jun
2023-06-30,Books,139.03285520384088,Jun
2023-07-01,Electronics,160.9775525634177,Jul
2023-07-01,Apparel,68.18186395335943,Jul
2023-07-01,Home Goods,14.822913624811918,Jul
2023-07-01,Books,80.71251536719501,Jul
2023-07-02,Electronics,100.08033899357542,Jul
2023-07-02,Apparel,138.2262158766389,Jul
2023-07-02,Home Goods,27.7006042515859,Jul
2023-07-02,Books,145.91756298905239,Jul
2023-07-03,Electronics,144.39964418997988,Jul
2023-07-03,Apparel,28.694829146843404,Jul
2023-07-03,Home Goods,39.39702256815508,Jul
2023-07-03,Books,76.25454451190308,Jul
2023-07-04,Electronics,114.41447454271838,Jul
2023-07-04,Apparel,148.50993882399052,Jul
2023-07-04,Home Goods,74.46915374137461,Jul
2023-07-04,Books,132.684876259882,Jul
2023-07-05,Electronics,64.22266751760617,Jul
2023-07-05,Apparel,115.28033101465553,Jul
2023-07-05,Home Goods,19.008991345763206,Jul
2023-07-05,Books,111.16183869307861,Jul
2023-07-06,Electronics,61.810025048907846,Jul
2023-07-06,Apparel,118.05784027092159,Jul
2023-07-06,Home Goods,19.763545687310398,Jul
2023-07-06,Books,60.130464201793075,Jul
2023-07-07,Electronics,84.28162770578638,Jul
2023-07-07,Apparel,62.19360934803262,Jul
2023-07-07,Home Goods,73.34003045922145,Jul
2023-07-07,Books,146.36208098381758,Jul
2023-07-08,Electronics,111.7519612191245,Jul
2023-07-08,Apparel,147.00305788079277,Jul
2023-07-08,Home Goods,15.009227467235178,Jul
2023-07-08,Books,103.62613908713683,Jul
2023-07-09,Electronics,139.90690399659798,Jul
2023-07-09,Apparel,117.70461520180106,Jul
2023-07-09,Home Goods,73.80669716978446,Jul
2023-07-09,Books,82.89255089592189,Jul
2023-07-10,Electronics,194.79860750725493,Jul
2023-07-10,Apparel,61.48587430361658,Jul
2023-07-10,Home Goods,72.418106358964,Jul
2023-07-10,Books,87.14904828928411,Jul
2023-07-11,Electronics,97.12113172281533,Jul
2023-07-11,Apparel,87.12263561086729,Jul
2023-07-11,Home Goods,14.48083423776552,Jul
2023-07-11,Books,69.68266673851758,Jul
2023-07-12,Electronics,190.78085876535624,Jul
2023-07-12,Apparel,84.38182646641508,Jul
2023-07-12,Home Goods,17.201102394610643,Jul
2023-07-12,Books,131.14637793507427,Jul
2023-07-13,Electronics,143.54132955195382,Jul
2023-07-13,Apparel,42.22351449076086,Jul
2023-07-13,Home Goods,28.942875873763114,Jul
2023-07-13,Books,61.372588025406,Jul
2023-07-14,Electronics,123.59942952170968,Jul
2023-07-14,Apparel,133.1225402490236,Jul
2023-07-14,Home Goods,70.896887909621,Jul
2023-07-14,Books,54.41479706671089,Jul
2023-07-15,Electronics,126.93166693206877,Jul
2023-07-15,Apparel,24.867854225449264,Jul
2023-07-15,Home Goods,39.05728310579434,Jul
2023-07-15,Books,91.70329554006457,Jul
2023-07-16,Electronics,117.70749498391524,Jul
2023-07-16,Apparel,80.59924771543592,Jul
2023-07-16,Home Goods,61.660153064876795,Jul
2023-07-16,Books,62.04406343633309,Jul
2023-07-17,Electronics,174.75011467467993,Jul
2023-07-17,Apparel,52.80132482992485,Jul
2023-07-17,Home Goods,42.58504046360031,Jul
2023-07-17,Books,46.63507321616635,Jul
2023-07-18,Electronics,111.56498799100518,Jul
2023-07-18,Apparel,91.01270511280745,Jul
2023-07-18,Home Goods,25.64472070429474,Jul
2023-07-18,Books,138.3307630638592,Jul
2023-07-19,Electronics,178.3609450329095,Jul
2023-07-19,Apparel,94.85769889783114,Jul
2023-07-19,Home Goods,73.7028629751876,Jul
2023-07-19,Books,130.47449676319957,Jul
2023-07-20,Electronics,63.941559474915266,Jul
2023-07-20,Apparel,145.10294316336513,Jul
2023-07-20,Home Goods,68.67167375748977,Jul
2023-07-20,Books,102.20224585849792,Jul
2023-07-21,Electronics,53.82252276176587,Jul
2023-07-21,Apparel,84.15048629976809,Jul
2023-07-21,Home Goods,28.487353834789246,Jul
2023-07-21,Books,118.01736406283453,Jul
2023-07-22,Electronics,160.6748782331124,Jul
2023-07-22,Apparel,148.0818415689282,Jul
2023-07-22,Home Goods,50.004273059312254,Jul
2023-07-22,Books,136.86906191986054,Jul
2023-07-23,Electronics,73.65425325697288,Jul
2023-07-23,Apparel,106.13409660058096,Jul
2023-07-23,Home Goods,45.071244994178414,Jul
2023-07-23,Books,80.28419753769413,Jul
2023-07-24,Electronics,194.50131435878575,Jul
2023-07-24,Apparel,120.11558513855562,Jul
2023-07-24,Home Goods,51.74594012089074,Jul
2023-07-24,Books,40.67398235434666,Jul
2023-07-25,Electronics,196.19098788825795,Jul
2023-07-25,Apparel,80.8105819253251,Jul
2023-07-25,Home Goods,47.862398526631296,Jul
2023-07-25,Books,98.39982961770147,Jul
2023-07-26,Electronics,129.34026164002717,Jul
2023-07-26,Apparel,67.60416625067592,Jul
2023-07-26,Home Goods,14.307533111423254,Jul
2023-07-26,Books,127.2151274071075,Jul
2023-07-27,Electronics,189.95026556076482,Jul
2023-07-27,Apparel,46.306103623937815,Jul
2023-07-27,Home Goods,10.793627433013171,Jul
2023-07-27,Books,54.92777530569583,Jul
2023-07-28,Electronics,58.99043440585956,Jul
2023-07-28,Apparel,57.568531713914126,Jul
2023-07-28,Home Goods,75.15944601269439,Jul
2023-07-28,Books,108.59968855511397,Jul
2023-07-29,Electronics,77.95961918309331,Jul
2023-07-29,Apparel,108.93416491802782,Jul
2023-07-29,Home Goods,52.48600316233933,Jul
2023-07-29,Books,138.6465817433782,Jul
2023-07-30,Electronics,168.56843091081828,Jul
2023-07-30,Apparel,73.44542003469542,Jul
2023-07-30,Home Goods,77.41728424327448,Jul
2023-07-30,Books,105.53776073968038,Jul
2023-07-31,Electronics,131.30309004336596,Jul
2023-07-31,Apparel,102.83650054130703,Jul
2023-07-31,Home Goods,70.03144027199596,Jul
2023-07-31,Books,125.31059313798323,Jul
2023-08-01,Electronics,80.08270150749013,Aug
2023-08-01,Apparel,25.827447951305658,Aug
2023-08-01,Home Goods,77.40113778505474,Aug
2023-08-01,Books,77.54097659606487,Aug
2023-08-02,Electronics,142.9827871848829,Aug
2023-08-02,Apparel,141.17365955142304,Aug
2023-08-02,Home Goods,66.29955053795129,Aug
2023-08-02,Books,95.04334762925282,Aug
2023-08-03,Electronics,134.89730334840715,Aug
2023-08-03,Apparel,126.99146331753582,Aug
2023-08-03,Home Goods,62.87470768671483,Aug
2023-08-03,Books,102.42464224807918,Aug
2023-08-04,Electronics,92.24373216275126,Aug
2023-08-04,Apparel,38.55215365998447,Aug
2023-08-04,Home Goods,71.39315798413008,Aug
2023-08-04,Books,67.19615020556375,Aug
2023-08-05,Electronics,54.45258857216686,Aug
2023-08-05,Apparel,95.63591333571821,Aug
2023-08-05,Home Goods,77.92041966691613,Aug
2023-08-05,Books,137.53185038920492,Aug
2023-08-06,Electronics,65.30937190400437,Aug
2023-08-06,Apparel,37.32937618391588,Aug
2023-08-06,Home Goods,45.44882410438731,Aug
2023-08-06,Books,120.23829590529203,Aug
2023-08-07,Electronics,174.23270614817739,Aug
2023-08-07,Apparel,90.04029480274767,Aug
2023-08-07,Home Goods,49.340354315936565,Aug
2023-08-07,Books,88.65347747225314,Aug
2023-08-08,Electronics,75.05179182626307,Aug
2023-08-08,Apparel,134.53035505022854,Aug
2023-08-08,Home Goods,23.454664307646453,Aug
2023-08-08,Books,111.41476393910125,Aug
2023-08-09,Electronics,143.0021733045578,Aug
2023-08-09,Apparel,33.494777544401586,Aug
2023-08-09,Home Goods,52.98879368463531,Aug
2023-08-09,Books,146.36520677478984,Aug
2023-08-10,Electronics,121.70813524862751,Aug
2023-08-10,Apparel,52.565072532743216,Aug
2023-08-10,Home Goods,37.47061172965914,Aug
2023-08-10,Books,48.34489273605868,Aug
2023-08-11,Electronics,60.63644614769146,Aug
2023-08-11,Apparel,37.67622941872105,Aug
2023-08-11,Home Goods,27.694211564958096,Aug
2023-08-11,Books,134.73192159552127,Aug
2023-08-12,Electronics,131.97872344171628,Aug
2023-08-12,Apparel,37.66708543058485,Aug
2023-08-12,Home Goods,59.50844240607694,Aug
2023-08-12,Books,66.28816336393356,Aug
2023-08-13,Electronics,68.14685965655372,Aug
2023-08-13,Apparel,134.16866323910654,Aug
2023-08-13,Home Goods,34.05901858583093,Aug
2023-08-13,Books,112.94655257137492,Aug
2023-08-14,Electronics,119.93946944130585,Aug
2023-08-14,Apparel,122.36556823598221,Aug
2023-08-14,Home Goods,32.418052547145635,Aug
2023-08-14,Books,76.6989873116836,Aug
2023-08-15,Electronics,128.88582198647782,Aug
2023-08-15,Apparel,56.81923346128315,Aug
2023-08-15,Home Goods,41.71058156527579,Aug
2023-08-15,Books,76.0406384197995,Aug
2023-08-16,Electronics,156.64421137189493,Aug
2023-08-16,Apparel,132.5292282924056,Aug
2023-08-16,Home Goods,48.95572568755597,Aug
2023-08-16,Books,91.4759375108406,Aug
2023-08-17,Electronics,74.75814920617267,Aug
2023-08-17,Apparel,91.83611070970073,Aug
2023-08-17,Home Goods,78.8663978734985,Aug
2023-08-17,Books,104.73049043444917,Aug
2023-08-18,Electronics,160.62860537786037,Aug
2023-08-18,Apparel,73.1577447638847,Aug
2023-08-18,Home Goods,73.8368094433099,Aug
2023-08-18,Books,132.27750197518617,Aug
2023-08-19,Electronics,124.66883945744485,Aug
2023-08-19,Apparel,76.02731917751953,Aug
2023-08-19,Home Goods,63.59051990322769,Aug
2023-08-19,Books,50.49151285318658,Aug
2023-08-20,Electronics,145.20157404476777,Aug
2023-08-20,Apparel,106.76281589316204,Aug
2023-08-20,Home Goods,24.357238239608705,Aug
2023-08-20,Books,48.62688650377095,Aug
2023-08-21,Electronics,178.2484089373611,Aug
2023-08-21,Apparel,87.87871489068493,Aug
2023-08-21,Home Goods,23.90710580162704,Aug
2023-08-21,Books,81.88480335986242,Aug
2023-08-22,Electronics,168.46304890932515,Aug
2023-08-22,Apparel,118.17559141432866,Aug
2023-08-22,Home Goods,48.460691533982754,Aug
2023-08-22,Books,72.94828529469669,Aug
2023-08-23,Electronics,161.80348874768242,Aug
2023-08-23,Apparel,87.78497452149168,Aug
2023-08-23,Home Goods,63.2941560796462,Aug
2023-08-23,Books,79.01289165718481,Aug
2023-08-24,Electronics,76.41048153163865,Aug
2023-08-24,Apparel,113.12657598173246,Aug
2023-08-24,Home Goods,61.89802656183019,Aug
2023-08-24,Books,136.08888672897592,Aug
2023-08-25,Electronics,99.10156687255949,Aug
2023-08-25,Apparel,124.53864925540984,Aug
2023-08-25,Home Goods,78.70985340792686,Aug
2023-08-25,Books,104.30790171492845,Aug
2023-08-26,Electronics,183.72339677298442,Aug
2023-08-26,Apparel,78.5066118533723,Aug
2023-08-26,Home Goods,15.659859327133745,Aug
2023-08-26,Books,124.92582977516577,Aug
2023-08-27,Electronics,147.60627479990944,Aug
2023-08-27,Apparel,104.682625469286,Aug
2023-08-27,Home Goods,63.88995248824358,Aug
2023-08-27,Books,102.57845999207348,Aug
2023-08-28,Electronics,51.581069629173726,Aug
2023-08-28,Apparel,121.03642579633743,Aug
2023-08-28,Home Goods,61.25161777948961,Aug
2023-08-28,Books,120.97845527576283,Aug
2023-08-29,Electronics,157.140159572009,Aug
2023-08-29,Apparel,91.20766682550311,Aug
2023-08-29,Home Goods,15.054007989820093,Aug
2023-08-29,Books,46.413156886119395,Aug
2023-08-30,Electronics,118.73543538386002,Aug
2023-08-30,Apparel,82.02186943264678,Aug
2023-08-30,Home Goods,35.89235324412584,Aug
2023-08-30,Books,85.67551855929196,Aug
2023-08-31,Electronics,81.19941464392468,Aug
2023-08-31,Apparel,138.4721741778776,Aug
2023-08-31,Home Goods,35.2540704398416,Aug
2023-08-31,Books,70.95259203808382,Aug
2023-09-01,Electronics,96.09802464256063,Sep
2023-09-01,Apparel,144.70778013812378,Sep
2023-09-01,Home Goods,29.483779543079436,Sep
2023-09-01,Books,130.83508365787566,Sep
2023-09-02,Electronics,193.81295964121819,Sep
2023-09-02,Apparel,80.07996355881914,Sep
2023-09-02,Home Goods,41.21765145333484,Sep
2023-09-02,Books,102.79932758770883,Sep
2023-09-03,Electronics,165.16856299713254,Sep
2023-09-03,Apparel,110.8652189024724,Sep
2023-09-03,Home Goods,26.35357729624957,Sep
2023-09-03,Books,40.63678445061669,Sep
2023-09-04,Electronics,99.94874318363145,Sep
2023-09-04,Apparel,80.2984911063686,Sep
2023-09-04,Home Goods,74.24379477510229,Sep
2023-09-04,Books,97.91133026592433,Sep
2023-09-05,Electronics,62.226748233661056,Sep
2023-09-05,Apparel,38.07442826218903,Sep
2023-09-05,Home Goods,77.05430362606421,Sep
2023-09-05,Books,139.82713964767754,Sep
2023-09-06,Electronics,124.6505556628108,Sep
2023-09-06,Apparel,65.40283315582201,Sep
2023-09-06,Home Goods,58.90166531782597,Sep
2023-09-06,Books,102.34512332128361,Sep
2023-09-07,Electronics,96.18853610008955,Sep
2023-09-07,Apparel,39.6888092183508,Sep
2023-09-07,Home Goods,65.66783758113161,Sep
2023-09-07,Books,40.254903519526124,Sep
2023-09-08,Electronics,101.52179304277524,Sep
2023-09-08,Apparel,46.19854007847607,Sep
2023-09-08,Home Goods,37.750735722947866,Sep
2023-09-08,Books,71.25333153642714,Sep
2023-09-09,Electronics,159.69763490138575,Sep
2023-09-09,Apparel,84.34177965391427,Sep
2023-09-09,Home Goods,37.59574179770425,Sep
2023-09-09,Books,115.12126475106925,Sep
2023-09-10,Electronics,199.41437287488952,Sep
2023-09-10,Apparel,146.0067711258307,Sep
2023-09-10,Home Goods,78.00208331551403,Sep
2023-09-10,Books,129.98642063932493,Sep
2023-09-11,Electronics,112.29631239548326,Sep
2023-09-11,Apparel,22.94551966013387,Sep
2023-09-11,Home Goods,52.41530446568504,Sep
2023-09-11,Books,122.30289985891432,Sep
2023-09-12,Electronics,188.94507336663082,Sep
2023-09-12,Apparel,108.705331152305,Sep
2023-09-12,Home Goods,78.92053398769349,Sep
2023-09-12,Books,119.15330654941499,Sep
2023-09-13,Electronics,59.93080944754183,Sep
2023-09-13,Apparel,84.82555444119498,Sep
2023-09-13,Home Goods,10.156836707610637,Sep
2023-09-13,Books,147.64656685991213,Sep
2023-09-14,Electronics,71.23889152426273,Sep
2023-09-14,Apparel,75.68311820505187,Sep
2023-09-14,Home Goods,77.30309094768018,Sep
2023-09-14,Books,68.62195998430252,Sep
2023-09-15,Electronics,165.69157080957666,Sep
2023-09-15,Apparel,122.02558486489579,Sep
2023-09-15,Home Goods,41.77985163172707,Sep
2023-09-15,Books,68.43507427256554,Sep
2023-09-16,Electronics,84.90220726234838,Sep
2023-09-16,Apparel,93.05884774774313,Sep
2023-09-16,Home Goods,14.823009718675166,Sep
2023-09-16,Books,78.68112416239455,Sep
2023-09-17,Electronics,84.23319713911042,Sep
2023-09-17,Apparel,123.35777595639229,Sep
2023-09-17,Home Goods,36.83822246501222,Sep
2023-09-17,Books,76.70085563557222,Sep
2023-09-18,Electronics,80.37550118751824,Sep
2023-09-18,Apparel,69.1681259823963,Sep
2023-09-18,Home Goods,66.27062178682536,Sep
2023-09-18,Books,134.58933579502627,Sep
2023-09-19,Electronics,84.48446731781587,Sep
2023-09-19,Apparel,113.78516977420077,Sep
2023-09-19,Home Goods,44.279907499440014,Sep
2023-09-19,Books,118.33955083042383,Sep
2023-09-20,Electronics,179.1211527073756,Sep
2023-09-20,Apparel,101.94333822932094,Sep
2023-09-20,Home Goods,38.260366707108915,Sep
2023-09-20,Books,128.26747494284064,Sep
2023-09-21,Electronics,76.69306908501312,Sep
2023-09-21,Apparel,69.39252031268552,Sep
2023-09-21,Home Goods,12.281075718346983,Sep
2023-09-21,Books,47.37115000607446,Sep
2023-09-22,Electronics,153.6500720307231,Sep
2023-09-22,Apparel,143.10353081440553,Sep
2023-09-22,Home Goods,48.73975983122364,Sep
2023-09-22,Books,119.03572559123859,Sep
2023-09-23,Electronics,99.40534310881048,Sep
2023-09-23,Apparel,35.501108397729695,Sep
2023-09-23,Home Goods,10.940976468846202,Sep
2023-09-23,Books,64.79234687518328,Sep
2023-09-24,Electronics,95.06829634774476,Sep
2023-09-24,Apparel,46.80011704098433,Sep
2023-09-24,Home Goods,25.755066936835647,Sep
2023-09-24,Books,120.37043385440484,Sep
2023-09-25,Electronics,51.92673142300919,Sep
2023-09-25,Apparel,148.1940793991089,Sep
2023-09-25,Home Goods,19.234802275896072,Sep
2023-09-25,Books,144.09747038269415,Sep
2023-09-26,Electronics,59.789259848184884,Sep
2023-09-26,Apparel,20.819718562997878,Sep
2023-09-26,Home Goods,53.402355269063264,Sep
2023-09-26,Books,110.15044627478346,Sep
2023-09-27,Electronics,192.64718478079885,Sep
2023-09-27,Apparel,45.99516656016931,Sep
2023-09-27,Home Goods,63.064480908215046,Sep
2023-09-27,Books,89.67566477600485,Sep
2023-09-28,Electronics,149.3840462877415,Sep
2023-09-28,Apparel,63.560228031128645,Sep
2023-09-28,Home Goods,57.67572587123141,Sep
2023-09-28,Books,120.83105999277905,Sep
2023-09-29,Electronics,173.03113371599466,Sep
2023-09-29,Apparel,95.74397094547749,Sep
2023-09-29,Home Goods,50.00948921544477,Sep
2023-09-29,Books,142.30812148656696,Sep
2023-09-30,Electronics,150.53729055216536,Sep
2023-09-30,Apparel,83.36433647433296,Sep
2023-09-30,Home Goods,73.24979395372793,Sep
2023-09-30,Books,144.312282348983,Sep
2023-10-01,Electronics,122.55566999083385,Oct
2023-10-01,Apparel,61.255452134646475,Oct
2023-10-01,Home Goods,61.94573662709445,Oct
2023-10-01,Books,96.21346367523074,Oct
2023-10-02,Electronics,134.99029249651358,Oct
2023-10-02,Apparel,57.98160321544856,Oct
2023-10-02,Home Goods,67.6692261453718,Oct
2023-10-02,Books,117.30004662880674,Oct
2023-10-03,Electronics,140.30533713521436,Oct
2023-10-03,Apparel,83.00959734013304,Oct
2023-10-03,Home Goods,41.81084775365889,Oct
2023-10-03,Books,47.642192505300045,Oct
2023-10-04,Electronics,181.13761694403365,Oct
2023-10-04,Apparel,64.55108864465728,Oct
2023-10-04,Home Goods,44.05495574232191,Oct
2023-10-04,Books,121.46304374560714,Oct
2023-10-05,Electronics,191.74003776861355,Oct
2023-10-05,Apparel,126.86711230082437,Oct
2023-10-05,Home Goods,37.386131403036416,Oct
2023-10-05,Books,111.8576195766218,Oct
2023-10-06,Electronics,187.35302159329876,Oct
2023-10-06,Apparel,93.45376693410799,Oct
2023-10-06,Home Goods,48.44695977633819,Oct
2023-10-06,Books,52.54329403862357,Oct
2023-10-07,Electronics,83.92999558709562,Oct
2023-10-07,Apparel,137.0465377997607,Oct
2023-10-07,Home Goods,71.50323415640742,Oct
2023-10-07,Books,107.30588754173368,Oct
2023-10-08,Electronics,68.88081762008369,Oct
2023-10-08,Apparel,148.24271003017202,Oct
2023-10-08,Home Goods,71.58002316020429,Oct
2023-10-08,Books,123.43739771051332,Oct
2023-10-09,Electronics,85.87847982998937,Oct
2023-10-09,Apparel,146.15203274879605,Oct
2023-10-09,Home Goods,36.60332733998075,Oct
2023-10-09,Books,41.96606794372201,Oct
2023-10-10,Electronics,169.41830057185143,Oct
2023-10-10,Apparel,37.5605464563705,Oct
2023-10-10,Home Goods,33.359347449149936,Oct
2023-10-10,Books,129.73340009339154,Oct
2023-10-11,Electronics,121.64976255735382,Oct
2023-10-11,Apparel,140.18475691322237,Oct
2023-10-11,Home Goods,37.74405312491581,Oct
2023-10-11,Books,147.3245476419106,Oct
2023-10-12,Electronics,104.18688994832337,Oct
2023-10-12,Apparel,85.51299683051184,Oct
2023-10-12,Home Goods,13.439010535366833,Oct
2023-10-12,Books,145.35437734564766,Oct
2023-10-13,Electronics,123.83341171080247,Oct
2023-10-13,Apparel,143.87683814624324,Oct
2023-10-13,Home Goods,74.1104597155936,Oct
2023-10-13,Books,136.15235024597496,Oct
2023-10-14,Electronics,93.48358750576153,Oct
2023-10-14,Apparel,76.56156876357272,Oct
2023-10-14,Home Goods,16.15066631231457,Oct
2023-10-14,Books,40.189896097872406,Oct
2023-10-15,Electronics,125.98581264028326,Oct
2023-10-15,Apparel,23.16471479833126,Oct
2023-10-15,Home Goods,60.09003654588014,Oct
2023-10-15,Books,129.80859179981053,Oct
2023-10-16,Electronics,136.35383340297267,Oct
2023-10-16,Apparel,148.65099501330405,Oct
2023-10-16,Home Goods,72.73309922311455,Oct
2023-10-16,Books,113.32713042153046,Oct
2023-10-17,Electronics,194.47982581332326,Oct
2023-10-17,Apparel,120.15931547386572,Oct
2023-10-17,Home Goods,69.74029974313453,Oct
2023-10-17,Books,57.79751603491604,Oct
2023-10-18,Electronics,157.29550442192703,Oct
2023-10-18,Apparel,118.64176449133083,Oct
2023-10-18,Home Goods,36.15368226543069,Oct
2023-10-18,Books,110.07111664162949,Oct
2023-10-19,Electronics,172.31703981524333,Oct
2023-10-19,Apparel,90.36859939340502,Oct
2023-10-19,Home Goods,67.22214473644271,Oct
2023-10-19,Books,74.99841628829017,Oct
2023-10-20,Electronics,193.07210728293285,Oct
2023-10-20,Apparel,52.926230477169156,Oct
2023-10-20,Home Goods,48.94744776189327,Oct
2023-10-20,Books,66.05742307147011,Oct
2023-10-21,Electronics,138.52314782561734,Oct
2023-10-21,Apparel,115.33629143144935,Oct
2023-10-21,Home Goods,18.39928419329226,Oct
2023-10-21,Books,114.4839059910737,Oct
2023-10-22,Electronics,82.76712498627603,Oct
2023-10-22,Apparel,31.07843134785071,Oct
2023-10-22,Home Goods,60.53954848088324,Oct
2023-10-22,Books,89.12756189936772,Oct
2023-10-23,Electronics,109.82671699021012,Oct
2023-10-23,Apparel,64.30109692271799,Oct
2023-10-23,Home Goods,79.07961817691103,Oct
2023-10-23,Books,106.73494275426492,Oct
2023-10-24,Electronics,106.70261058257893,Oct
2023-10-24,Apparel,88.79917395999655,Oct
2023-10-24,Home Goods,54.19135368661955,Oct
2023-10-24,Books,145.93541050329804,Oct
2023-10-25,Electronics,56.615755322854966,Oct
2023-10-25,Apparel,28.579011189285666,Oct
2023-10-25,Home Goods,55.973196572158486,Oct
2023-10-25,Books,123.7490125396289,Oct
2023-10-26,Electronics,65.9982317709364,Oct
2023-10-26,Apparel,33.847718397155404,Oct
2023-10-26,Home Goods,29.836899146903306,Oct
2023-10-26,Books,56.05502921156585,Oct
2023-10-27,Electronics,80.54301883094013,Oct
2023-10-27,Apparel,56.47771256742999,Oct
2023-10-27,Home Goods,54.824250279925764,Oct
2023-10-27,Books,90.20226367982104,Oct
2023-10-28,Electronics,59.822980070021,Oct
2023-10-28,Apparel,34.84896752750501,Oct
2023-10-28,Home Goods,58.609474520199,Oct
2023-10-28,Books,53.16457223845646,Oct
2023-10-29,Electronics,158.85807173326612,Oct
2023-10-29,Apparel,128.47730153473094,Oct
2023-10-29,Home Goods,41.81076574139297,Oct
2023-10-29,Books,72.27929464774206,Oct
2023-10-30,Electronics,70.9716779878363,Oct
2023-10-30,Apparel,67.43827814701945,Oct
2023-10-30,Home Goods,31.35178816271946,Oct
2023-10-30,Books,99.13854783633724,Oct
2023-10-31,Electronics,109.98970697401091,Oct
2023-10-31,Apparel,147.04154171515256,Oct
2023-10-31,Home Goods,36.080052591860294,Oct
2023-10-31,Books,47.48305312823504,Oct
2023-11-01,Electronics,112.27962664561346,Nov
2023-11-01,Apparel,111.56387473223731,Nov
2023-11-01,Home Goods,22.370213083922863,Nov
2023-11-01,Books,44.18094848515466,Nov
2023-11-02,Electronics,163.177261443343,Nov
2023-11-02,Apparel,40.438712497707456,Nov
2023-11-02,Home Goods,71.95289520313963,Nov
2023-11-02,Books,97.40430979523808,Nov
2023-11-03,Electronics,61.93997461814433,Nov
2023-11-03,Apparel,71.36785508599132,Nov
2023-11-03,Home Goods,42.47006849152967,Nov
2023-11-03,Books,146.60900837974623,Nov
2023-11-04,Electronics,136.5310867317021,Nov
2023-11-04,Apparel,71.30157652543858,Nov
2023-11-04,Home Goods,44.7435587272048,Nov
2023-11-04,Books,40.95669820904732,Nov
2023-11-05,Electronics,141.6026770719327,Nov
2023-11-05,Apparel,93.48268968751654,Nov
2023-11-05,Home Goods,42.76992681669071,Nov
2023-11-05,Books,52.307799379341304,Nov
2023-11-06,Electronics,128.2004776643589,Nov
2023-11-06,Apparel,114.15505258599296,Nov
2023-11-06,Home Goods,34.64474159991369,Nov
2023-11-06,Books,143.17467865766957,Nov
2023-11-07,Electronics,138.7269863858819,Nov
2023-11-07,Apparel,110.78318888321519,Nov
2023-11-07,Home Goods,56.93412382854149,Nov
2023-11-07,Books,81.3819320849143,Nov
2023-11-08,Electronics,161.58284911653027,Nov
2023-11-08,Apparel,84.95938417967409,Nov
2023-11-08,Home Goods,77.08403740776703,Nov
2023-11-08,Books,85.79263392835855,Nov
2023-11-09,Electronics,91.37072890298441,Nov
2023-11-09,Apparel,71.50434858864173,Nov
2023-11-09,Home Goods,33.01060199039057,Nov
2023-11-09,Books,73.7500161677599,Nov
2023-11-10,Electronics,57.958537922240794,Nov
2023-11-10,Apparel,59.35973590007052,Nov
2023-11-10,Home Goods,18.69691435014829,Nov
2023-11-10,Books,50.00668043503538,Nov
2023-11-11,Electronics,163.6578854988329,Nov
2023-11-11,Apparel,44.10625366028398,Nov
2023-11-11,Home Goods,11.913222917355597,Nov
2023-11-11,Books,98.74267310835421,Nov
2023-11-12,Electronics,134.2298359493725,Nov
2023-11-12,Apparel,132.81905153067783,Nov
2023-11-12,Home Goods,13.77635731594637,Nov
2023-11-12,Books,134.74054850405082,Nov
2023-11-13,Electronics,136.0626166453585,Nov
2023-11-13,Apparel,67.18808762496337,Nov
2023-11-13,Home Goods,73.95296521484852,Nov
2023-11-13,Books,123.75808877404779,Nov
2023-11-14,Electronics,158.86229369789362,Nov
2023-11-14,Apparel,132.05802930751815,Nov
2023-11-14,Home Goods,68.62432265887037,Nov
2023-11-14,Books,100.24045488564298,Nov
2023-11-15,Electronics,90.41176300961524,Nov
2023-11-15,Apparel,27.705475334078074,Nov
2023-11-15,Home Goods,39.67733835801482,Nov
2023-11-15,Books,125.77124926727265,Nov
2023-11-16,Electronics,56.01492408895865,Nov
2023-11-16,Apparel,114.91038582054898,Nov
2023-11-16,Home Goods,44.73767702002078,Nov
2023-11-16,Books,61.44178116461262,Nov
2023-11-17,Electronics,145.31008588382974,Nov
2023-11-17,Apparel,72.15270614251494,Nov
2023-11-17,Home Goods,38.64709390094504,Nov
2023-11-17,Books,46.19146206881851,Nov
2023-11-18,Electronics,121.055858861655,Nov
2023-11-18,Apparel,132.058634001296,Nov
2023-11-18,Home Goods,24.96604089392349,Nov
2023-11-18,Books,147.64551118481904,Nov
2023-11-19,Electronics,51.4558260794729,Nov
2023-11-19,Apparel,91.76808441523463,Nov
2023-11-19,Home Goods,31.032109826337546,Nov
2023-11-19,Books,120.75061751995236,Nov
2023-11-20,Electronics,77.8637372655794,Nov
2023-11-20,Apparel,98.89091238379478,Nov
2023-11-20,Home Goods,78.14107552636415,Nov
2023-11-20,Books,42.158927456475794,Nov
2023-11-21,Electronics,183.0564904375933,Nov
2023-11-21,Apparel,44.54865105450153,Nov
2023-11-21,Home Goods,78.56547389412299,Nov
2023-11-21,Books,130.15071876114234,Nov
2023-11-22,Electronics,72.48086832696572,Nov
2023-11-22,Apparel,102.61516076512635,Nov
2023-11-22,Home Goods,21.389725641347468,Nov
2023-11-22,Books,56.5718168602325,Nov
2023-11-23,Electronics,80.96961310366169,Nov
2023-11-23,Apparel,140.0465398002416,Nov
2023-11-23,Home Goods,47.49190695816651,Nov
2023-11-23,Books,59.9623602302745,Nov
2023-11-24,Electronics,164.98855855315924,Nov
2023-11-24,Apparel,146.69493292458355,Nov
2023-11-24,Home Goods,50.764743415638804,Nov
2023-11-24,Books,83.84471164084971,Nov
2023-11-25,Electronics,87.16622779611498,Nov
2023-11-25,Apparel,147.97834171215072,Nov
2023-11-25,Home Goods,52.24050969583914,Nov
2023-11-25,Books,45.10347866686061,Nov
2023-11-26,Electronics,191.82320144027472,Nov
2023-11-26,Apparel,55.85381254320964,Nov
2023-11-26,Home Goods,64.91913435515016,Nov
2023-11-26,Books,148.98940401850268,Nov
2023-11-27,Electronics,129.6701879473403,Nov
2023-11-27,Apparel,117.54312500590459,Nov
2023-11-27,Home Goods,18.332604244351387,Nov
2023-11-27,Books,144.2423353646882,Nov
2023-11-28,Electronics,170.86758366785944,Nov
2023-11-28,Apparel,88.08116390369833,Nov
2023-11-28,Home Goods,49.007618313189596,Nov
2023-11-28,Books,73.50331609835848,Nov
2023-11-29,Electronics,176.4104003435932,Nov
2023-11-29,Apparel,47.51780301798135,Nov
2023-11-29,Home Goods,52.65577720711008,Nov
2023-11-29,Books,54.186284015886486,Nov
2023-11-30,Electronics,62.46433254564181,Nov
2023-11-30,Apparel,29.581224869471043,Nov
2023-11-30,Home Goods,48.963975596707314,Nov
2023-11-30,Books,115.11965927667916,Nov
2023-12-01,Electronics,94.91457814583555,Dec
2023-12-01,Apparel,105.16195970121771,Dec
2023-12-01,Home Goods,30.696749398484826,Dec
2023-12-01,Books,94.89294636528939,Dec
2023-12-02,Electronics,169.67636225745082,Dec
2023-12-02,Apparel,70.34439297858626,Dec
2023-12-02,Home Goods,15.448322605807334,Dec
2023-12-02,Books,96.95106024388224,Dec
2023-12-03,Electronics,65.80919509287924,Dec
2023-12-03,Apparel,92.14019101578742,Dec
2023-12-03,Home Goods,79.05190049204975,Dec
2023-12-03,Books,133.78189284354448,Dec
2023-12-04,Electronics,125.13693228829652,Dec
2023-12-04,Apparel,91.1921581462957,Dec
2023-12-04,Home Goods,13.738245815038681,Dec
2023-12-04,Books,137.7094501350075,Dec
2023-12-05,Electronics,123.80723136011511,Dec
2023-12-05,Apparel,101.33026476018131,Dec
2023-12-05,Home Goods,77.9217719566077,Dec
2023-12-05,Books,129.08476608106866,Dec
2023-12-06,Electronics,172.26612048689276,Dec
2023-12-06,Apparel,26.355525471735746,Dec
2023-12-06,Home Goods,77.7165418677032,Dec
2023-12-06,Books,100.53557058796287,Dec
2023-12-07,Electronics,101.32746211020276,Dec
2023-12-07,Apparel,33.23562276549637,Dec
2023-12-07,Home Goods,25.32471500337124,Dec
2023-12-07,Books,89.25401847809553,Dec
2023-12-08,Electronics,160.63969547394663,Dec
2023-12-08,Apparel,27.403008311521262,Dec
2023-12-08,Home Goods,77.94518041191623,Dec
2023-12-08,Books,139.10074149724096,Dec
2023-12-09,Electronics,85.92921018134803,Dec
2023-12-09,Apparel,111.20757086435333,Dec
2023-12-09,Home Goods,68.59990619588643,Dec
2023-12-09,Books,50.82589293830097,Dec
2023-12-10,Electronics,125.52736399229616,Dec
2023-12-10,Apparel,50.9978266665712,Dec
2023-12-10,Home Goods,31.380281508900225,Dec
2023-12-10,Books,127.80626143328846,Dec
2023-12-11,Electronics,99.77345851948485,Dec
2023-12-11,Apparel,66.08222338370979,Dec
2023-12-11,Home Goods,14.463316274341196,Dec
2023-12-11,Books,96.32514218566939,Dec
2023-12-12,Electronics,185.26683941017836,Dec
2023-12-12,Apparel,70.82009589998052,Dec
2023-12-12,Home Goods,44.90369179984555,Dec
2023-12-12,Books,113.22950935224071,Dec
2023-12-13,Electronics,67.38795128185302,Dec
2023-12-13,Apparel,103.16024668281898,Dec
2023-12-13,Home Goods,24.095252223778516,Dec
2023-12-13,Books,97.75950831361115,Dec
2023-12-14,Electronics,163.7138795107603,Dec
2023-12-14,Apparel,106.44724652636796,Dec
2023-12-14,Home Goods,36.9845702406019,Dec
2023-12-14,Books,99.24718402326107,Dec
2023-12-15,Electronics,146.87563041225076,Dec
2023-12-15,Apparel,146.10072903102264,Dec
2023-12-15,Home Goods,43.99301933590323,Dec
2023-12-15,Books,96.88467167783529,Dec
2023-12-16,Electronics,187.17420720495284,Dec
2023-12-16,Apparel,93.3729692758061,Dec
2023-12-16,Home Goods,35.80734285293147,Dec
2023-12-16,Books,60.682753769215196,Dec
2023-12-17,Electronics,176.82464513927698,Dec
2023-12-17,Apparel,135.95228526508436,Dec
2023-12-17,Home Goods,70.07484855595976,Dec
2023-12-17,Books,54.99918713234365,Dec
2023-12-18,Electronics,136.1811404232867,Dec
2023-12-18,Apparel,37.30978498933837,Dec
2023-12-18,Home Goods,64.12711051292717,Dec
2023-12-18,Books,77.03697547549382,Dec
2023-12-19,Electronics,106.5401865169406,Dec
2023-12-19,Apparel,101.41246125334874,Dec
2023-12-19,Home Goods,13.43601979315281,Dec
2023-12-19,Books,123.14372459426522,Dec
2023-12-20,Electronics,179.7094200970605,Dec
2023-12-20,Apparel,133.63879712298512,Dec
2023-12-20,Home Goods,76.26320807728916,Dec
2023-12-20,Books,96.10506096156314,Dec
2023-12-21,Electronics,125.1137058250606,Dec
2023-12-21,Apparel,20.77744236215949,Dec
2023-12-21,Home Goods,66.46156226517633,Dec
2023-12-21,Books,66.42483713803813,Dec
2023-12-22,Electronics,179.88548431312665,Dec
2023-12-22,Apparel,104.69312803586945,Dec
2023-12-22,Home Goods,23.15170563524589,Dec
2023-12-22,Books,148.6816787882708,Dec
2023-12-23,Electronics,104.82303113676608,Dec
2023-12-23,Apparel,61.158738057129085,Dec
2023-12-23,Home Goods,56.20494260219857,Dec
2023-12-23,Books,42.537403458263725,Dec
2023-12-24,Electronics,147.8490796405822,Dec
2023-12-24,Apparel,142.18331376789138,Dec
2023-12-24,Home Goods,71.63464210694656,Dec
2023-12-24,Books,43.62117294454947,Dec
2023-12-25,Electronics,71.64178376551718,Dec
2023-12-25,Apparel,117.87775760283694,Dec
2023-12-25,Home Goods,19.241983792744577,Dec
2023-12-25,Books,45.460529937408864,Dec
2023-12-26,Electronics,195.87028293171898,Dec
2023-12-26,Apparel,101.28634052816778,Dec
2023-12-26,Home Goods,56.394840243738145,Dec
2023-12-26,Books,88.21000647032633,Dec
2023-12-27,Electronics,160.42293491773307,Dec
2023-12-27,Apparel,78.38725738460198,Dec
2023-12-27,Home Goods,71.60619970876724,Dec
2023-12-27,Books,126.05339757399634,Dec
2023-12-28,Electronics,59.85875155311078,Dec
2023-12-28,Apparel,53.52262646891177,Dec
2023-12-28,Home Goods,47.160658047068864,Dec
2023-12-28,Books,90.71315999608487,Dec
2023-12-29,Electronics,158.9624201413244,Dec
2023-12-29,Apparel,66.91389985848218,Dec
2023-12-29,Home Goods,36.604710270185024,Dec
2023-12-29,Books,125.6738756550476,Dec
2023-12-30,Electronics,83.57092610094696,Dec
2023-12-30,Apparel,116.23352272901684,Dec
2023-12-30,Home Goods,39.95568117592484,Dec
2023-12-30,Books,92.21572669455782,Dec
2023-12-31,Electronics,134.45858290651813,Dec
2023-12-31,Apparel,87.45948718395084,Dec
2023-12-31,Home Goods,35.15321935992688,Dec
2023-12-31,Books,131.98043476324528,Dec
