downloaded,item_id,item_definition,category,16,17,18,19,20,21,22,23,24,25,26,27,28,29,30,word,freq,freqrank
2022-09-22,4,grrr,sounds,0.48,0.49,0.55,0.64,0.65,0.67,0.65,0.74,0.77,0.78,0.76,0.8,0.9,0.79,0.82,grrr,276325,0.8327283309133237
2022-09-22,5,meow,sounds,0.41,0.48,0.56,0.68,0.71,0.78,0.77,0.81,0.86,0.89,0.88,0.92,0.96,0.91,0.93,meow,810281,0.9108456433825736
2022-09-22,6,moo,sounds,0.5,0.52,0.62,0.75,0.76,0.78,0.79,0.85,0.88,0.88,0.88,0.92,0.95,0.92,0.93,moo,1631972,0.9405967623870496
2022-09-22,7,ouch,sounds,0.34,0.41,0.51,0.61,0.64,0.67,0.7,0.77,0.78,0.86,0.82,0.83,0.93,0.86,0.88,ouch,1174728,0.9281497125988504
2022-09-22,9,uh oh,sounds,0.71,0.68,0.78,0.87,0.87,0.89,0.88,0.88,0.9,0.93,0.9,0.93,0.97,0.91,0.89,uhoh,27389,0.3541304165216661
2022-09-22,10,vroom,sounds,0.38,0.4,0.51,0.57,0.57,0.61,0.6,0.69,0.7,0.75,0.71,0.7,0.86,0.72,0.74,vroom,209222,0.8036522146088584
2022-09-22,13,alligator,animals,0.02,0.04,0.06,0.13,0.14,0.19,0.22,0.3,0.4,0.47,0.5,0.52,0.74,0.66,0.7,alligator,1417637,0.9356437425749703
2022-09-22,14,animal,animals,0.03,0.07,0.11,0.2,0.21,0.28,0.33,0.44,0.5,0.56,0.58,0.61,0.78,0.71,0.73,animal,62566660,0.9961209844839379
2022-09-22,15,ant,animals,0.04,0.06,0.1,0.18,0.21,0.23,0.26,0.37,0.43,0.49,0.51,0.54,0.74,0.63,0.66,ant,6182704,0.9737918951675807
2022-09-22,16,bear,animals,0.23,0.29,0.37,0.51,0.55,0.57,0.6,0.66,0.74,0.78,0.79,0.84,0.91,0.86,0.85,bear,31981362,0.9925329701318806
2022-09-22,17,bee,animals,0.13,0.23,0.28,0.4,0.44,0.5,0.5,0.64,0.68,0.72,0.71,0.74,0.89,0.82,0.83,bee,8659734,0.9793479173916696
2022-09-22,18,bird,animals,0.32,0.42,0.5,0.63,0.65,0.71,0.7,0.77,0.81,0.89,0.89,0.89,0.95,0.9,0.9,bird,29437150,0.9918819675278701
2022-09-22,19,bug,animals,0.1,0.15,0.22,0.38,0.39,0.4,0.49,0.57,0.63,0.7,0.73,0.72,0.89,0.77,0.76,bug,39672754,0.993873975495902
2022-09-22,20,bunny,animals,0.13,0.22,0.32,0.42,0.48,0.54,0.55,0.64,0.71,0.75,0.76,0.77,0.89,0.86,0.82,bunny,5730050,0.9723938895755583
2022-09-22,21,butterfly,animals,0.06,0.1,0.14,0.24,0.27,0.33,0.42,0.52,0.59,0.66,0.67,0.69,0.86,0.82,0.82,butterfly,8141617,0.9783639134556539
2022-09-22,22,cat,animals,0.35,0.42,0.45,0.61,0.65,0.66,0.75,0.79,0.82,0.87,0.88,0.92,0.94,0.93,0.92,cat,46839855,0.9947229788919155
2022-09-22,23,chicken (animal),animals,0.08,0.12,0.14,0.3,0.31,0.34,0.45,0.54,0.63,0.66,0.69,0.74,0.86,0.78,0.83,chicken,20655046,0.989187956751827
2022-09-22,24,cow,animals,0.19,0.25,0.34,0.5,0.54,0.53,0.58,0.68,0.75,0.8,0.8,0.85,0.93,0.87,0.87,cow,8267976,0.9786069144276577
2022-09-22,25,deer,animals,0.05,0.08,0.1,0.16,0.14,0.23,0.25,0.34,0.34,0.37,0.42,0.44,0.65,0.51,0.53,deer,10007644,0.9814779259117037
2022-09-22,26,dog,animals,0.62,0.65,0.74,0.78,0.81,0.82,0.83,0.86,0.89,0.93,0.93,0.94,0.98,0.95,0.94,dog,77271631,0.9968619874479497
2022-09-22,27,donkey,animals,0.02,0.06,0.06,0.1,0.11,0.16,0.19,0.26,0.27,0.3,0.3,0.34,0.53,0.4,0.45,donkey,2819753,0.9570368281473126
2022-09-22,28,duck,animals,0.4,0.44,0.49,0.62,0.63,0.67,0.7,0.76,0.8,0.85,0.87,0.89,0.96,0.88,0.89,duck,8279189,0.9786339145356582
2022-09-22,29,elephant,animals,0.07,0.11,0.17,0.28,0.31,0.34,0.48,0.56,0.64,0.67,0.71,0.76,0.88,0.81,0.84,elephant,6116985,0.9736208944835779
2022-09-22,30,fish (animal),animals,0.22,0.32,0.39,0.52,0.55,0.58,0.67,0.72,0.78,0.87,0.84,0.86,0.95,0.91,0.92,fish,52756224,0.9953139812559251
2022-09-22,31,frog,animals,0.11,0.15,0.18,0.34,0.37,0.39,0.48,0.57,0.65,0.73,0.71,0.77,0.88,0.81,0.83,frog,8019592,0.97812391249565
2022-09-22,32,giraffe,animals,0.07,0.1,0.13,0.21,0.21,0.3,0.31,0.46,0.53,0.57,0.57,0.62,0.79,0.71,0.75,giraffe,978584,0.9200946803787216
2022-09-22,33,goose,animals,0.03,0.06,0.06,0.13,0.13,0.18,0.19,0.26,0.31,0.34,0.41,0.4,0.6,0.42,0.47,goose,3739382,0.9638078552314209
2022-09-22,34,hen,animals,0.01,0.03,0.02,0.05,0.05,0.11,0.11,0.15,0.17,0.2,0.21,0.24,0.44,0.28,0.31,hen,3732543,0.9637688550754203
2022-09-22,35,horse,animals,0.13,0.19,0.27,0.41,0.42,0.48,0.58,0.66,0.72,0.79,0.76,0.85,0.93,0.87,0.87,horse,58453720,0.9957999831999328
2022-09-22,36,kitty,animals,0.35,0.35,0.45,0.57,0.57,0.58,0.63,0.66,0.72,0.78,0.76,0.81,0.9,0.83,0.81,kitty,6414935,0.9743948975795903
2022-09-22,37,lamb,animals,0.03,0.06,0.06,0.12,0.11,0.14,0.22,0.29,0.32,0.38,0.39,0.43,0.61,0.45,0.48,lamb,6524456,0.9747218988875955
2022-09-22,38,lion,animals,0.08,0.11,0.16,0.25,0.27,0.36,0.41,0.53,0.59,0.67,0.69,0.7,0.86,0.8,0.82,lion,11531749,0.9833469333877336
2022-09-22,39,monkey,animals,0.1,0.19,0.24,0.36,0.39,0.44,0.55,0.64,0.7,0.79,0.78,0.81,0.92,0.86,0.9,monkey,9983383,0.9814569258277033
2022-09-22,40,moose,animals,0.02,0.08,0.05,0.1,0.09,0.13,0.15,0.23,0.25,0.28,0.27,0.29,0.49,0.38,0.44,moose,3581329,0.9628388513554054
2022-09-22,41,mouse,animals,0.06,0.1,0.15,0.26,0.27,0.36,0.44,0.5,0.57,0.61,0.64,0.66,0.85,0.77,0.77,mouse,33667003,0.9928569714278858
2022-09-22,42,owl,animals,0.12,0.15,0.19,0.32,0.31,0.35,0.44,0.53,0.53,0.59,0.63,0.65,0.79,0.7,0.72,owl,5010726,0.9698348793395174
2022-09-22,43,penguin,animals,0.04,0.05,0.07,0.13,0.14,0.2,0.29,0.36,0.4,0.42,0.46,0.45,0.64,0.69,0.67,penguin,5835109,0.9726998907995632
2022-09-22,44,pig,animals,0.13,0.17,0.25,0.43,0.45,0.45,0.57,0.64,0.71,0.78,0.78,0.79,0.91,0.86,0.86,pig,7028841,0.9760239040956163
2022-09-22,45,pony,animals,0.03,0.04,0.05,0.1,0.11,0.14,0.22,0.22,0.25,0.32,0.32,0.38,0.54,0.45,0.5,pony,4769062,0.9689168756675026
2022-09-22,46,puppy,animals,0.22,0.22,0.33,0.44,0.46,0.48,0.58,0.62,0.67,0.74,0.75,0.76,0.88,0.8,0.82,puppy,6662287,0.9751239004956019
2022-09-22,47,rooster,animals,0.03,0.03,0.04,0.07,0.09,0.11,0.15,0.24,0.26,0.33,0.35,0.42,0.57,0.42,0.46,rooster,1493153,0.9375337501350005
2022-09-22,48,sheep,animals,0.09,0.11,0.15,0.29,0.3,0.32,0.4,0.51,0.56,0.62,0.66,0.67,0.82,0.7,0.72,sheep,8962638,0.9798519194076777
2022-09-22,49,squirrel,animals,0.05,0.07,0.12,0.17,0.2,0.22,0.31,0.39,0.46,0.51,0.54,0.56,0.72,0.67,0.68,squirrel,2228308,0.9506438025752103
2022-09-22,50,teddybear,animals,0.08,0.11,0.18,0.26,0.28,0.29,0.38,0.47,0.51,0.58,0.64,0.65,0.82,0.71,0.74,teddybear,51233,0.5592172368689474
2022-09-22,51,tiger,animals,0.07,0.09,0.15,0.23,0.25,0.26,0.38,0.45,0.53,0.6,0.62,0.68,0.81,0.74,0.78,tiger,13763074,0.9853869415477662
2022-09-22,52,turkey,animals,0.04,0.05,0.06,0.14,0.17,0.16,0.22,0.27,0.31,0.39,0.43,0.41,0.63,0.48,0.53,turkey,28112986,0.9915549662198648
2022-09-22,53,turtle,animals,0.11,0.13,0.18,0.33,0.33,0.36,0.42,0.57,0.6,0.68,0.68,0.68,0.84,0.8,0.82,turtle,5297998,0.970938883755535
2022-09-22,54,wolf,animals,0.02,0.04,0.04,0.08,0.09,0.1,0.13,0.2,0.23,0.29,0.32,0.34,0.54,0.44,0.49,wolf,13001992,0.9847839391357566
2022-09-22,55,zebra,animals,0.04,0.08,0.1,0.17,0.2,0.21,0.29,0.38,0.45,0.51,0.53,0.56,0.73,0.64,0.7,zebra,2902469,0.9577268309073236
2022-09-22,56,airplane,vehicles,0.12,0.2,0.3,0.42,0.47,0.52,0.6,0.67,0.73,0.81,0.82,0.85,0.94,0.88,0.87,airplane,5216750,0.9706718826875308
2022-09-22,57,bicycle,vehicles,0.1,0.15,0.2,0.32,0.37,0.4,0.52,0.56,0.64,0.72,0.74,0.74,0.89,0.82,0.85,bicycle,8344882,0.97875091500366
2022-09-22,58,boat,vehicles,0.18,0.21,0.29,0.43,0.45,0.48,0.56,0.66,0.69,0.76,0.79,0.78,0.93,0.84,0.86,boat,34104031,0.9929229716918868
2022-09-22,59,bus,vehicles,0.16,0.2,0.25,0.39,0.42,0.48,0.62,0.68,0.74,0.78,0.78,0.83,0.91,0.87,0.86,bus,41043865,0.9940569762279049
2022-09-22,60,car,vehicles,0.35,0.44,0.55,0.68,0.75,0.74,0.77,0.82,0.89,0.91,0.91,0.93,0.97,0.94,0.95,car,264720374,0.9992709970839884
2022-09-22,61,firetruck,vehicles,0.03,0.06,0.1,0.15,0.2,0.26,0.36,0.45,0.51,0.61,0.65,0.64,0.82,0.74,0.78,firetruck,71915,0.6395065580262321
2022-09-22,62,helicopter,vehicles,0.02,0.05,0.07,0.14,0.14,0.21,0.29,0.4,0.45,0.53,0.58,0.59,0.77,0.65,0.71,helicopter,5528827,0.9716798867195469
2022-09-22,63,motorcycle,vehicles,0.02,0.06,0.07,0.13,0.12,0.19,0.29,0.36,0.43,0.47,0.54,0.54,0.75,0.66,0.7,motorcycle,15081508,0.9863859455437822
2022-09-22,64,sled,vehicles,0.01,0.04,0.06,0.07,0.1,0.13,0.15,0.19,0.19,0.22,0.23,0.3,0.35,0.33,0.33,sled,1134521,0.9267157068628274
2022-09-22,65,stroller,vehicles,0.05,0.07,0.12,0.19,0.19,0.23,0.26,0.41,0.47,0.54,0.55,0.6,0.79,0.62,0.7,stroller,2666858,0.9556358225432902
2022-09-22,66,tractor,vehicles,0.07,0.08,0.12,0.18,0.22,0.25,0.33,0.38,0.45,0.48,0.52,0.52,0.71,0.6,0.62,tractor,5098075,0.9701528806115225
2022-09-22,67,train,vehicles,0.11,0.17,0.24,0.36,0.47,0.46,0.55,0.66,0.76,0.79,0.82,0.81,0.93,0.87,0.9,train,31816971,0.9924879699518798
2022-09-22,68,tricycle,vehicles,0.01,0.02,0.03,0.05,0.08,0.07,0.13,0.16,0.19,0.25,0.26,0.28,0.46,0.31,0.38,tricycle,400029,0.8652724610898443
2022-09-22,69,truck,vehicles,0.27,0.3,0.39,0.52,0.56,0.59,0.67,0.74,0.78,0.85,0.85,0.86,0.95,0.89,0.89,truck,32136249,0.9925719702878811
2022-09-22,70,ball,toys,0.73,0.77,0.84,0.89,0.93,0.93,0.93,0.92,0.95,0.97,0.94,0.97,0.99,0.95,0.96,ball,43399906,0.9943419773679095
2022-09-22,71,balloon,toys,0.28,0.39,0.45,0.59,0.64,0.65,0.66,0.76,0.82,0.87,0.88,0.89,0.96,0.91,0.91,balloon,6719614,0.9752649010596043
2022-09-22,72,bat,toys,0.05,0.06,0.11,0.14,0.17,0.18,0.22,0.26,0.36,0.41,0.44,0.43,0.7,0.54,0.56,bat,7725300,0.9775719102876411
2022-09-22,73,block,toys,0.13,0.21,0.28,0.36,0.4,0.47,0.51,0.6,0.6,0.69,0.71,0.74,0.87,0.76,0.77,block,49694725,0.9950169800679203
2022-09-22,74,book,toys,0.45,0.55,0.62,0.71,0.78,0.79,0.79,0.83,0.88,0.9,0.89,0.92,0.97,0.93,0.93,book,330959949,0.9994749978999916
2022-09-22,75,bubbles,toys,0.22,0.38,0.47,0.6,0.63,0.64,0.71,0.77,0.83,0.88,0.86,0.89,0.95,0.89,0.92,bubbles,2963701,0.9582338329353317
2022-09-22,76,chalk,toys,0.02,0.03,0.05,0.1,0.12,0.16,0.22,0.28,0.33,0.37,0.41,0.46,0.61,0.53,0.58,chalk,2498505,0.9539048156192624
2022-09-22,77,crayon,toys,0.03,0.09,0.12,0.26,0.25,0.33,0.44,0.47,0.56,0.67,0.66,0.69,0.85,0.78,0.79,crayon,606502,0.8941775767103068
2022-09-22,78,doll,toys,0.14,0.22,0.28,0.35,0.4,0.41,0.48,0.51,0.52,0.65,0.64,0.67,0.83,0.7,0.72,doll,12047864,0.9838329353317413
2022-09-22,79,game,toys,0.01,0.03,0.06,0.09,0.11,0.16,0.24,0.26,0.33,0.42,0.45,0.49,0.71,0.61,0.69,game,227111505,0.9990879963519854
2022-09-22,80,glue,toys,0,0.02,0.02,0.04,0.05,0.06,0.1,0.1,0.14,0.2,0.22,0.3,0.48,0.36,0.46,glue,4435595,0.9673568694274777
2022-09-22,81,pen,toys,0.04,0.09,0.1,0.23,0.26,0.3,0.36,0.4,0.44,0.55,0.58,0.58,0.79,0.64,0.69,pen,16371249,0.9871959487837951
2022-09-22,82,pencil,toys,0.01,0.04,0.07,0.15,0.16,0.22,0.22,0.3,0.34,0.46,0.49,0.5,0.74,0.6,0.65,pencil,5527529,0.9716768867075468
2022-09-22,83,play dough,toys,0.01,0.03,0.05,0.08,0.12,0.18,0.23,0.29,0.36,0.41,0.44,0.53,0.64,0.6,0.65,playdough,44892,0.5241350965403861
2022-09-22,84,present,toys,0.01,0.03,0.05,0.08,0.1,0.17,0.22,0.33,0.44,0.51,0.52,0.56,0.77,0.64,0.67,present,99420744,0.9975879903519614
2022-09-22,85,puzzle,toys,0.03,0.05,0.09,0.18,0.2,0.25,0.3,0.4,0.48,0.6,0.6,0.64,0.82,0.69,0.75,puzzle,14083532,0.9856479425917704
2022-09-22,86,story,toys,0.02,0.05,0.09,0.16,0.17,0.22,0.31,0.37,0.48,0.52,0.55,0.58,0.78,0.69,0.76,story,138433809,0.998313993255973
2022-09-22,87,toy (object),toys,0.13,0.16,0.24,0.36,0.41,0.46,0.5,0.59,0.66,0.75,0.78,0.8,0.91,0.87,0.9,toy,26924831,0.991311965247861
2022-09-22,88,apple,food_drink,0.29,0.38,0.49,0.61,0.61,0.67,0.76,0.81,0.85,0.89,0.88,0.91,0.96,0.93,0.93,apple,50551171,0.9950739802959212
2022-09-22,89,applesauce,food_drink,0.06,0.08,0.11,0.17,0.19,0.25,0.32,0.38,0.44,0.5,0.52,0.53,0.71,0.6,0.6,applesauce,389891,0.8632594530378122
2022-09-22,90,banana,food_drink,0.46,0.52,0.62,0.68,0.73,0.75,0.8,0.85,0.88,0.91,0.9,0.91,0.96,0.94,0.96,banana,5567941,0.971811887247549
2022-09-22,91,beans,food_drink,0.05,0.09,0.13,0.24,0.24,0.29,0.36,0.4,0.46,0.47,0.53,0.56,0.74,0.55,0.63,beans,7607524,0.9773349093396374
2022-09-22,92,bread,food_drink,0.1,0.15,0.2,0.33,0.37,0.4,0.5,0.58,0.64,0.72,0.75,0.74,0.9,0.83,0.82,bread,13575360,0.9852429409717639
2022-09-22,93,butter,food_drink,0.02,0.05,0.1,0.13,0.19,0.22,0.29,0.38,0.43,0.51,0.54,0.6,0.77,0.64,0.69,butter,9727172,0.9811059244236977
2022-09-22,94,cake,food_drink,0.06,0.09,0.17,0.28,0.34,0.35,0.5,0.56,0.7,0.74,0.75,0.78,0.9,0.87,0.88,cake,16526639,0.9872769491077964
2022-09-22,95,candy,food_drink,0.04,0.1,0.15,0.27,0.31,0.33,0.41,0.45,0.53,0.68,0.69,0.72,0.88,0.79,0.81,candy,13772033,0.9853929415717663
2022-09-22,96,carrots,food_drink,0.05,0.09,0.12,0.21,0.24,0.3,0.36,0.46,0.52,0.62,0.61,0.65,0.82,0.74,0.79,carrots,1756446,0.9431617726470906
2022-09-22,97,cereal,food_drink,0.08,0.12,0.19,0.34,0.32,0.39,0.47,0.5,0.6,0.68,0.69,0.71,0.88,0.79,0.82,cereal,2871293,0.9574598298393193
2022-09-22,98,cheerios,food_drink,0.11,0.15,0.23,0.28,0.28,0.33,0.4,0.47,0.49,0.57,0.56,0.57,0.75,0.68,0.76,cheerios,190214,0.7930141720566882
2022-09-22,99,cheese,food_drink,0.29,0.37,0.48,0.6,0.62,0.67,0.67,0.76,0.83,0.84,0.85,0.86,0.95,0.87,0.9,cheese,16704436,0.9873639494557979
2022-09-22,100,chicken (food),food_drink,0.07,0.11,0.15,0.29,0.29,0.38,0.47,0.51,0.59,0.68,0.68,0.71,0.88,0.83,0.82,chicken,20655046,0.989187956751827
2022-09-22,101,chocolate,food_drink,0.02,0.05,0.08,0.12,0.18,0.23,0.28,0.41,0.48,0.52,0.55,0.63,0.78,0.72,0.78,chocolate,23379199,0.9902019608078433
2022-09-22,102,coffee,food_drink,0.04,0.06,0.11,0.18,0.2,0.25,0.32,0.43,0.49,0.52,0.56,0.57,0.75,0.66,0.7,coffee,42086828,0.9941769767079068
2022-09-22,103,coke,food_drink,0.01,0.04,0.05,0.11,0.13,0.11,0.17,0.14,0.2,0.33,0.24,0.25,0.48,0.26,0.34,coke,3505322,0.9623258493033973
2022-09-22,104,cookie,food_drink,0.29,0.31,0.42,0.56,0.64,0.6,0.69,0.74,0.82,0.87,0.86,0.89,0.96,0.91,0.95,cookie,11517481,0.9833259333037332
2022-09-22,105,corn,food_drink,0.05,0.08,0.12,0.21,0.24,0.25,0.34,0.44,0.48,0.56,0.59,0.64,0.81,0.69,0.74,corn,10723716,0.9824199296797187
2022-09-22,106,cracker,food_drink,0.26,0.28,0.37,0.5,0.53,0.53,0.6,0.67,0.72,0.78,0.76,0.78,0.92,0.81,0.82,cracker,2103875,0.9489487957951832
2022-09-22,107,donut,food_drink,0.02,0.05,0.08,0.12,0.13,0.17,0.23,0.27,0.32,0.42,0.49,0.51,0.67,0.57,0.63,donut,836168,0.9124446497785991
2022-09-22,108,drink (beverage),food_drink,0.11,0.18,0.27,0.37,0.4,0.46,0.52,0.61,0.62,0.7,0.72,0.74,0.88,0.77,0.78,drink,29254937,0.9918309673238693
2022-09-22,109,egg,food_drink,0.1,0.18,0.2,0.34,0.36,0.45,0.52,0.6,0.65,0.69,0.75,0.76,0.88,0.82,0.82,egg,12766528,0.9845409381637527
2022-09-22,110,fish (food),food_drink,0.09,0.14,0.2,0.32,0.34,0.37,0.4,0.48,0.53,0.62,0.6,0.59,0.82,0.72,0.77,fish,52756224,0.9953139812559251
2022-09-22,111,food,food_drink,0.07,0.12,0.19,0.25,0.3,0.34,0.41,0.5,0.54,0.62,0.64,0.67,0.82,0.77,0.8,food,180144029,0.99874899499598
2022-09-22,113,grapes,food_drink,0.09,0.14,0.21,0.31,0.34,0.41,0.44,0.59,0.62,0.72,0.72,0.74,0.88,0.78,0.82,grapes,2643584,0.9553718214872859
2022-09-22,115,gum,food_drink,0.02,0.03,0.06,0.1,0.11,0.1,0.18,0.19,0.22,0.31,0.35,0.38,0.55,0.43,0.45,gum,4503031,0.9676988707954832
2022-09-22,116,hamburger,food_drink,0.02,0.05,0.07,0.12,0.17,0.19,0.28,0.31,0.4,0.5,0.54,0.59,0.75,0.65,0.73,hamburger,1453555,0.9365557462229849
2022-09-22,117,ice,food_drink,0.07,0.12,0.16,0.28,0.31,0.37,0.39,0.48,0.54,0.63,0.67,0.65,0.83,0.72,0.75,ice,41706145,0.994122976491906
2022-09-22,118,ice cream,food_drink,0.08,0.1,0.19,0.28,0.32,0.38,0.45,0.57,0.65,0.73,0.77,0.81,0.9,0.86,0.88,icecream,235105,0.8165192660770643
2022-09-22,119,jello,food_drink,0.01,0.03,0.06,0.09,0.09,0.11,0.12,0.14,0.18,0.29,0.28,0.31,0.54,0.33,0.38,jello,685368,0.9015156060624242
2022-09-22,120,jelly,food_drink,0.01,0.02,0.05,0.1,0.11,0.12,0.18,0.23,0.27,0.38,0.41,0.41,0.67,0.48,0.53,jelly,3698541,0.9635738542954172
2022-09-22,121,juice,food_drink,0.27,0.27,0.38,0.57,0.6,0.63,0.68,0.67,0.77,0.83,0.82,0.84,0.94,0.86,0.89,juice,10973425,0.982749930999724
2022-09-22,122,lollipop,food_drink,0,0.04,0.06,0.1,0.13,0.14,0.17,0.23,0.27,0.37,0.38,0.46,0.59,0.49,0.6,lollipop,461761,0.8760365041460166
2022-09-22,123,meat,food_drink,0.03,0.06,0.09,0.14,0.15,0.22,0.22,0.29,0.38,0.41,0.44,0.49,0.65,0.56,0.59,meat,17652296,0.9878799515198061
2022-09-22,124,melon,food_drink,0.02,0.06,0.06,0.09,0.11,0.17,0.18,0.26,0.3,0.32,0.36,0.4,0.54,0.41,0.52,melon,1355214,0.9339757359029436
2022-09-22,125,milk,food_drink,0.36,0.38,0.49,0.64,0.66,0.71,0.71,0.76,0.82,0.88,0.86,0.9,0.95,0.92,0.91,milk,20955909,0.9893019572078289
2022-09-22,126,muffin,food_drink,0.02,0.05,0.07,0.12,0.14,0.21,0.27,0.38,0.39,0.45,0.42,0.51,0.67,0.61,0.66,muffin,1096202,0.9252277009108036
2022-09-22,127,noodles,food_drink,0.06,0.11,0.16,0.23,0.26,0.35,0.36,0.45,0.52,0.55,0.58,0.6,0.77,0.68,0.69,noodles,1635016,0.9406477625910503
2022-09-22,128,nuts,food_drink,0,0.04,0.04,0.1,0.09,0.14,0.16,0.24,0.32,0.32,0.38,0.4,0.58,0.54,0.57,nuts,9053763,0.9800049200196801
2022-09-22,129,orange (food),food_drink,0.06,0.11,0.15,0.3,0.28,0.36,0.4,0.55,0.62,0.65,0.64,0.73,0.87,0.82,0.84,orange,37316112,0.9935109740438962
2022-09-22,130,pancake,food_drink,0.04,0.08,0.11,0.2,0.22,0.25,0.32,0.49,0.52,0.57,0.62,0.64,0.78,0.7,0.78,pancake,927582,0.9177246708986836
2022-09-22,131,peas,food_drink,0.06,0.1,0.14,0.26,0.26,0.26,0.33,0.42,0.48,0.52,0.56,0.57,0.7,0.62,0.67,peas,5718446,0.9723458893835575
2022-09-22,132,peanut butter,food_drink,0.03,0.07,0.09,0.18,0.18,0.24,0.31,0.42,0.47,0.49,0.58,0.6,0.79,0.66,0.7,peanutbutter,46161,0.5320731282925132
2022-09-22,133,pickle,food_drink,0.02,0.04,0.08,0.14,0.15,0.17,0.22,0.31,0.34,0.43,0.43,0.45,0.65,0.57,0.58,pickle,1402073,0.9352357409429638
2022-09-22,134,pizza,food_drink,0.07,0.13,0.22,0.35,0.39,0.45,0.53,0.65,0.69,0.78,0.78,0.82,0.92,0.87,0.91,pizza,14763787,0.9861159444637778
2022-09-22,135,popcorn,food_drink,0.03,0.07,0.12,0.18,0.22,0.26,0.32,0.39,0.47,0.57,0.57,0.62,0.79,0.71,0.73,popcorn,2889969,0.9576038304153217
2022-09-22,136,popsicle,food_drink,0.03,0.04,0.09,0.13,0.16,0.2,0.28,0.28,0.35,0.45,0.46,0.52,0.69,0.61,0.64,popsicle,215477,0.8070782283129132
2022-09-22,138,potato,food_drink,0.02,0.06,0.08,0.14,0.19,0.2,0.27,0.39,0.41,0.46,0.49,0.53,0.74,0.66,0.66,potato,6397517,0.9743558974235897
2022-09-22,139,pretzel,food_drink,0.03,0.06,0.08,0.15,0.16,0.19,0.2,0.28,0.34,0.44,0.4,0.45,0.72,0.5,0.56,pretzel,337914,0.8512744050976204
2022-09-22,140,pudding,food_drink,0.01,0.02,0.04,0.06,0.07,0.07,0.1,0.13,0.16,0.25,0.23,0.26,0.48,0.35,0.37,pudding,2040237,0.948000792003168
2022-09-22,141,pumpkin,food_drink,0.03,0.06,0.07,0.16,0.17,0.2,0.25,0.35,0.39,0.46,0.43,0.52,0.7,0.6,0.67,pumpkin,3457437,0.9619928479713918
2022-09-22,142,raisin,food_drink,0.04,0.05,0.11,0.2,0.23,0.26,0.31,0.4,0.43,0.56,0.57,0.58,0.77,0.6,0.65,raisin,724623,0.9048066192264769
2022-09-22,143,salt,food_drink,0,0.02,0.03,0.06,0.06,0.09,0.13,0.2,0.22,0.24,0.3,0.34,0.53,0.43,0.46,salt,25320518,0.9908619634478538
2022-09-22,144,sandwich,food_drink,0.02,0.04,0.06,0.13,0.15,0.17,0.28,0.38,0.43,0.51,0.53,0.6,0.81,0.72,0.75,sandwich,6382356,0.974313897255589
2022-09-22,145,sauce,food_drink,0.03,0.02,0.04,0.08,0.1,0.15,0.17,0.28,0.31,0.32,0.31,0.39,0.55,0.51,0.55,sauce,10968629,0.9827379309517238
2022-09-22,146,soda/pop,food_drink,0.03,0.06,0.09,0.11,0.19,0.16,0.24,0.17,0.26,0.34,0.36,0.32,0.64,0.41,0.41,soda,3940026,0.9649238596954388
2022-09-22,147,soup,food_drink,0.03,0.05,0.09,0.16,0.19,0.25,0.34,0.4,0.46,0.5,0.55,0.56,0.73,0.68,0.72,soup,10543301,0.9821709286837147
2022-09-22,148,spaghetti,food_drink,0.03,0.07,0.1,0.17,0.2,0.24,0.29,0.39,0.46,0.55,0.55,0.59,0.79,0.66,0.74,spaghetti,2158989,0.9496537986151945
2022-09-22,149,strawberry,food_drink,0.07,0.09,0.15,0.22,0.23,0.35,0.4,0.5,0.56,0.59,0.64,0.66,0.79,0.76,0.8,strawberry,4169376,0.9660698642794571
2022-09-22,150,toast,food_drink,0.09,0.12,0.17,0.24,0.26,0.31,0.36,0.47,0.52,0.54,0.57,0.62,0.79,0.65,0.69,toast,3262695,0.9605318421273685
2022-09-22,151,tuna,food_drink,0.01,0.03,0.04,0.05,0.04,0.05,0.11,0.15,0.15,0.18,0.21,0.25,0.4,0.26,0.33,tuna,2842548,0.9572318289273157
2022-09-22,152,vanilla,food_drink,0,0.01,0.02,0.04,0.02,0.05,0.05,0.08,0.11,0.14,0.18,0.23,0.34,0.28,0.37,vanilla,5422197,0.9713528854115416
2022-09-22,153,vitamins,food_drink,0.02,0.03,0.05,0.09,0.11,0.13,0.19,0.17,0.26,0.36,0.39,0.42,0.57,0.45,0.5,vitamins,10139447,0.9816789267157069
2022-09-22,154,water (beverage),food_drink,0.23,0.33,0.43,0.54,0.58,0.64,0.66,0.77,0.8,0.84,0.85,0.89,0.94,0.89,0.9,water,215178488,0.9990009960039841
2022-09-22,155,yogurt,food_drink,0.08,0.15,0.21,0.31,0.33,0.37,0.45,0.55,0.61,0.62,0.65,0.67,0.76,0.75,0.84,yogurt,1832002,0.9444847779391118
2022-09-22,156,beads,clothing,0.03,0.05,0.06,0.1,0.11,0.13,0.13,0.17,0.21,0.24,0.23,0.26,0.44,0.3,0.35,beads,10825324,0.9825579302317209
2022-09-22,157,belt,clothing,0.02,0.05,0.08,0.14,0.15,0.17,0.23,0.24,0.28,0.37,0.37,0.42,0.64,0.49,0.5,belt,17247395,0.9876399505598022
2022-09-22,158,bib,clothing,0.09,0.14,0.21,0.31,0.28,0.32,0.36,0.47,0.5,0.54,0.56,0.55,0.76,0.58,0.63,bib,2217795,0.9505028020112081
2022-09-22,159,boots,clothing,0.11,0.17,0.23,0.32,0.36,0.45,0.54,0.64,0.65,0.67,0.69,0.72,0.82,0.82,0.79,boots,18968708,0.9885099540398161
2022-09-22,160,button,clothing,0.09,0.14,0.19,0.3,0.34,0.37,0.42,0.53,0.55,0.63,0.65,0.64,0.84,0.73,0.77,button,66811153,0.9963879855519422
2022-09-22,161,coat,clothing,0.12,0.12,0.18,0.31,0.34,0.39,0.48,0.53,0.6,0.65,0.64,0.68,0.79,0.71,0.71,coat,12207355,0.9839799359197436
2022-09-22,162,diaper,clothing,0.21,0.29,0.41,0.49,0.52,0.57,0.65,0.71,0.74,0.85,0.84,0.85,0.94,0.89,0.87,diaper,3933145,0.9648968595874383
2022-09-22,163,dress (object),clothing,0.03,0.05,0.09,0.14,0.18,0.21,0.29,0.36,0.41,0.45,0.53,0.56,0.7,0.61,0.66,dress,27318959,0.9913989655958624
2022-09-22,164,gloves,clothing,0,0.04,0.05,0.09,0.12,0.12,0.21,0.29,0.35,0.38,0.47,0.44,0.6,0.58,0.59,gloves,11347457,0.9831549326197305
2022-09-22,165,hat,clothing,0.24,0.33,0.45,0.56,0.62,0.67,0.7,0.79,0.79,0.85,0.85,0.84,0.93,0.87,0.88,hat,24383742,0.9905679622718491
2022-09-22,166,jacket,clothing,0.06,0.11,0.14,0.25,0.27,0.31,0.42,0.5,0.55,0.61,0.63,0.68,0.81,0.77,0.77,jacket,17246004,0.9876369505478022
2022-09-22,167,jeans,clothing,0.01,0.03,0.04,0.08,0.09,0.15,0.18,0.21,0.29,0.32,0.37,0.33,0.56,0.49,0.56,jeans,11896655,0.9836679346717387
2022-09-22,168,mittens,clothing,0.03,0.04,0.08,0.1,0.13,0.17,0.2,0.27,0.32,0.36,0.37,0.4,0.53,0.51,0.51,mittens,718053,0.9042876171504686
2022-09-22,169,necklace,clothing,0.02,0.05,0.08,0.17,0.15,0.22,0.24,0.31,0.37,0.43,0.44,0.5,0.69,0.55,0.61,necklace,9492391,0.9807699230796924
2022-09-22,170,pajamas,clothing,0.04,0.09,0.15,0.21,0.24,0.33,0.41,0.54,0.58,0.65,0.7,0.72,0.84,0.81,0.84,pajamas,1435077,0.9360817443269773
2022-09-22,171,pants,clothing,0.07,0.11,0.21,0.29,0.36,0.42,0.52,0.61,0.67,0.71,0.74,0.81,0.9,0.85,0.85,pants,16774383,0.9874089496357985
2022-09-22,172,scarf,clothing,0,0.02,0.02,0.05,0.04,0.08,0.09,0.15,0.16,0.17,0.2,0.23,0.33,0.34,0.37,scarf,3181107,0.9598868395473582
2022-09-22,173,shirt,clothing,0.09,0.12,0.22,0.33,0.39,0.46,0.54,0.62,0.66,0.74,0.75,0.8,0.91,0.82,0.83,shirt,40501964,0.9939909759639038
2022-09-22,174,shoe,clothing,0.4,0.51,0.66,0.76,0.8,0.83,0.84,0.86,0.9,0.93,0.9,0.95,0.97,0.93,0.94,shoe,16342426,0.9871809487237949
2022-09-22,175,shorts,clothing,0.03,0.04,0.09,0.13,0.15,0.21,0.28,0.33,0.44,0.49,0.56,0.59,0.78,0.71,0.72,shorts,13446221,0.9851409405637622
2022-09-22,176,slipper,clothing,0.03,0.03,0.06,0.1,0.12,0.17,0.23,0.32,0.32,0.38,0.41,0.42,0.64,0.51,0.54,slipper,946965,0.918684674738699
2022-09-22,177,sneaker,clothing,0.01,0.03,0.04,0.07,0.1,0.11,0.14,0.17,0.19,0.26,0.3,0.32,0.46,0.34,0.38,sneaker,815930,0.9111666446665787
2022-09-22,178,snowsuit,clothing,0,0.02,0.02,0.02,0.02,0.04,0.06,0.1,0.1,0.12,0.15,0.17,0.25,0.23,0.25,snowsuit,76873,0.65312961251845
2022-09-22,179,sock,clothing,0.21,0.24,0.38,0.48,0.48,0.51,0.55,0.63,0.7,0.76,0.78,0.81,0.93,0.8,0.83,sock,3748769,0.9638738554954219
2022-09-22,180,sweater,clothing,0.12,0.14,0.13,0.21,0.27,0.32,0.34,0.45,0.44,0.46,0.48,0.53,0.64,0.63,0.67,sweater,3798820,0.9641408565634263
2022-09-22,181,tights,clothing,0,0.02,0.02,0.03,0.05,0.04,0.11,0.12,0.13,0.17,0.19,0.24,0.3,0.25,0.29,tights,2023147,0.9477907911631647
2022-09-22,182,underpants,clothing,0.01,0.02,0.03,0.05,0.1,0.1,0.14,0.2,0.24,0.29,0.4,0.43,0.58,0.55,0.53,underwear,10546819,0.9821769287077148
2022-09-22,183,zipper,clothing,0.03,0.05,0.08,0.2,0.21,0.24,0.33,0.4,0.48,0.53,0.55,0.58,0.73,0.65,0.69,zipper,2450000,0.953373813495254
2022-09-22,184,ankle,body_parts,0,0.02,0.03,0.06,0.07,0.08,0.11,0.14,0.17,0.19,0.21,0.26,0.45,0.32,0.37,ankle,4146793,0.9659708638834555
2022-09-22,185,arm,body_parts,0.04,0.12,0.2,0.32,0.36,0.45,0.5,0.58,0.68,0.74,0.74,0.78,0.91,0.83,0.84,arm,23724057,0.990312961251845
2022-09-22,187,buttocks/bottom*,body_parts,0.09,0.14,0.19,0.31,0.32,0.4,0.51,0.59,0.63,0.72,0.71,0.73,0.89,0.78,0.78,butt,14942973,0.9862629450517802
2022-09-22,188,cheek,body_parts,0.06,0.08,0.16,0.25,0.26,0.36,0.43,0.52,0.56,0.63,0.64,0.68,0.81,0.73,0.74,cheek,2681029,0.9557738230952924
2022-09-22,189,chin,body_parts,0.04,0.06,0.12,0.23,0.25,0.3,0.38,0.47,0.52,0.56,0.61,0.67,0.8,0.72,0.71,chin,3986552,0.9651698606794428
2022-09-22,190,ear,body_parts,0.29,0.37,0.48,0.61,0.66,0.68,0.76,0.79,0.83,0.87,0.88,0.9,0.96,0.9,0.9,ear,14872850,0.9862239448957796
2022-09-22,191,eye,body_parts,0.32,0.41,0.56,0.67,0.73,0.75,0.8,0.83,0.87,0.92,0.88,0.93,0.97,0.93,0.93,eye,52688696,0.9953049812199248
2022-09-22,192,face,body_parts,0.04,0.08,0.11,0.22,0.22,0.26,0.4,0.44,0.54,0.63,0.64,0.72,0.84,0.77,0.8,face,82807978,0.9970839883359534
2022-09-22,193,finger,body_parts,0.08,0.15,0.2,0.32,0.38,0.43,0.51,0.62,0.67,0.73,0.74,0.79,0.89,0.82,0.87,finger,13628350,0.9852789411157644
2022-09-22,194,foot,body_parts,0.1,0.15,0.29,0.41,0.46,0.5,0.55,0.65,0.73,0.81,0.81,0.85,0.94,0.87,0.86,foot,40401241,0.9939789759159037
2022-09-22,195,hair,body_parts,0.15,0.27,0.34,0.48,0.54,0.6,0.66,0.74,0.77,0.83,0.82,0.86,0.96,0.89,0.89,hair,60054650,0.9959319837279349
2022-09-22,196,hand,body_parts,0.07,0.12,0.22,0.34,0.4,0.53,0.56,0.68,0.72,0.79,0.8,0.83,0.93,0.9,0.87,hand,121296661,0.9980709922839691
2022-09-22,197,head,body_parts,0.11,0.19,0.23,0.36,0.41,0.46,0.55,0.64,0.71,0.76,0.76,0.8,0.92,0.86,0.86,head,113316224,0.9979269917079668
2022-09-22,198,knee,body_parts,0.09,0.12,0.19,0.28,0.32,0.38,0.44,0.56,0.6,0.69,0.71,0.73,0.85,0.76,0.77,knee,8426957,0.9789009156036624
2022-09-22,199,leg,body_parts,0.03,0.08,0.12,0.25,0.29,0.32,0.46,0.53,0.6,0.69,0.69,0.76,0.87,0.81,0.81,leg,17356748,0.9877239508958036
2022-09-22,200,lips,body_parts,0.03,0.06,0.07,0.13,0.15,0.22,0.29,0.36,0.4,0.48,0.52,0.55,0.73,0.66,0.68,lips,9228435,0.9803199212796851
2022-09-22,201,mouth,body_parts,0.17,0.24,0.34,0.48,0.52,0.56,0.62,0.7,0.73,0.8,0.79,0.85,0.93,0.88,0.87,mouth,22880351,0.9900219600878404
2022-09-22,202,nose,body_parts,0.33,0.44,0.53,0.67,0.72,0.74,0.78,0.82,0.86,0.9,0.88,0.9,0.96,0.91,0.92,nose,10507356,0.982125928503714
2022-09-22,205,shoulder,body_parts,0.01,0.03,0.03,0.09,0.1,0.16,0.21,0.28,0.31,0.37,0.4,0.48,0.61,0.55,0.64,shoulder,12100130,0.9838629354517419
2022-09-22,206,toe,body_parts,0.12,0.21,0.3,0.42,0.42,0.51,0.56,0.59,0.66,0.74,0.73,0.78,0.9,0.81,0.82,toe,14248601,0.9857799431197725
2022-09-22,207,tongue,body_parts,0.07,0.14,0.17,0.26,0.27,0.36,0.42,0.49,0.53,0.63,0.6,0.67,0.81,0.72,0.76,tongue,10002563,0.9814719258877036
2022-09-22,208,tooth,body_parts,0.08,0.14,0.23,0.37,0.35,0.4,0.5,0.55,0.62,0.74,0.72,0.75,0.88,0.8,0.8,tooth,5551049,0.9717608870435481
2022-09-22,209,tummy,body_parts,0.1,0.18,0.27,0.39,0.4,0.44,0.54,0.64,0.67,0.79,0.77,0.77,0.91,0.83,0.84,tummy,1685130,0.9416737666950667
2022-09-22,211,basket,household,0.02,0.05,0.07,0.18,0.15,0.21,0.25,0.34,0.4,0.47,0.48,0.51,0.72,0.61,0.65,basket,45023597,0.9945339781359125
2022-09-22,212,blanket,household,0.13,0.2,0.29,0.42,0.46,0.52,0.59,0.66,0.72,0.8,0.81,0.83,0.93,0.85,0.86,blanket,5457762,0.9714338857355429
2022-09-22,213,bottle,household,0.33,0.33,0.37,0.48,0.54,0.57,0.58,0.64,0.66,0.76,0.76,0.79,0.9,0.81,0.82,bottle,17716382,0.9879129516518066
2022-09-22,214,bowl,household,0.1,0.13,0.18,0.31,0.33,0.39,0.47,0.55,0.63,0.68,0.67,0.76,0.88,0.77,0.81,bowl,22118861,0.9897339589358357
2022-09-22,215,box,household,0.1,0.14,0.21,0.32,0.36,0.4,0.49,0.51,0.6,0.67,0.7,0.76,0.87,0.78,0.79,box,169231297,0.9986499945999784
2022-09-22,216,broom,household,0.04,0.1,0.12,0.21,0.26,0.28,0.37,0.42,0.49,0.57,0.59,0.64,0.79,0.64,0.69,broom,1312361,0.9327097308389234
2022-09-22,217,brush,household,0.13,0.15,0.24,0.33,0.38,0.39,0.48,0.58,0.61,0.7,0.69,0.72,0.87,0.76,0.79,brush,10018684,0.9815079260317041
2022-09-22,218,bucket,household,0.01,0.05,0.07,0.13,0.13,0.19,0.27,0.33,0.39,0.45,0.48,0.48,0.69,0.59,0.65,bucket,4415452,0.9672848691394765
2022-09-22,219,camera,household,0.02,0.03,0.05,0.11,0.14,0.19,0.25,0.3,0.35,0.48,0.48,0.53,0.71,0.58,0.69,camera,89324930,0.9973029892119568
2022-09-22,220,can (object),household,0.01,0.04,0.05,0.08,0.1,0.13,0.18,0.2,0.25,0.33,0.32,0.4,0.57,0.43,0.49,can,1242323499,0.9999009996039984
2022-09-22,221,clock,household,0.1,0.11,0.19,0.29,0.31,0.34,0.37,0.46,0.5,0.59,0.6,0.6,0.8,0.66,0.71,clock,26624872,0.9912159648638594
2022-09-22,222,comb,household,0.04,0.09,0.1,0.2,0.22,0.27,0.29,0.32,0.4,0.46,0.52,0.53,0.73,0.54,0.62,comb,2327626,0.9519638078552314
2022-09-22,223,cup,household,0.22,0.25,0.39,0.48,0.56,0.61,0.69,0.71,0.74,0.86,0.86,0.89,0.93,0.87,0.88,cup,45032014,0.9945369781479126
2022-09-22,224,dish,household,0.01,0.04,0.06,0.11,0.13,0.18,0.19,0.25,0.3,0.34,0.37,0.47,0.63,0.47,0.54,dish,21755859,0.9895959583838335
2022-09-22,225,fork,household,0.06,0.13,0.19,0.33,0.38,0.42,0.5,0.63,0.67,0.74,0.76,0.79,0.9,0.78,0.81,fork,7839872,0.9777879111516447
2022-09-22,226,garbage,household,0.04,0.06,0.09,0.15,0.18,0.24,0.27,0.39,0.45,0.46,0.5,0.57,0.67,0.66,0.7,garbage,6609450,0.9749678998715995
2022-09-22,227,glass,household,0.03,0.04,0.07,0.13,0.15,0.15,0.24,0.33,0.37,0.43,0.47,0.53,0.7,0.59,0.66,glass,63559754,0.9961659846639387
2022-09-22,228,glasses,household,0.05,0.1,0.14,0.25,0.26,0.3,0.37,0.47,0.52,0.62,0.63,0.62,0.84,0.69,0.72,glasses,14009815,0.9855789423157693
2022-09-22,229,hammer,household,0.01,0.05,0.07,0.12,0.14,0.17,0.22,0.3,0.35,0.4,0.44,0.49,0.69,0.55,0.6,hammer,7382393,0.9768399073596294
2022-09-22,230,jar,household,0.07,0.08,0.09,0.14,0.18,0.18,0.23,0.26,0.24,0.26,0.29,0.33,0.41,0.41,0.41,jar,6549211,0.9748238992955972
2022-09-22,231,keys,household,0.14,0.19,0.29,0.4,0.39,0.43,0.46,0.56,0.64,0.73,0.73,0.74,0.92,0.74,0.8,keys,23716024,0.9903099612398449
2022-09-22,232,knife,household,0.01,0.03,0.06,0.12,0.15,0.18,0.27,0.38,0.43,0.45,0.56,0.55,0.77,0.64,0.7,knife,11297715,0.9831099324397298
2022-09-22,233,lamp,household,0.01,0.04,0.04,0.08,0.1,0.14,0.17,0.24,0.26,0.31,0.32,0.39,0.54,0.45,0.53,lamp,14643268,0.9860469441877767
2022-09-22,234,light,household,0.16,0.18,0.29,0.39,0.41,0.5,0.56,0.62,0.67,0.76,0.74,0.78,0.91,0.81,0.82,light,126699632,0.9981639926559707
2022-09-22,235,medicine,household,0.03,0.06,0.09,0.18,0.19,0.23,0.29,0.36,0.45,0.57,0.6,0.61,0.8,0.67,0.71,medicine,63831932,0.9961839847359389
2022-09-22,236,money,household,0.03,0.06,0.1,0.21,0.24,0.28,0.32,0.34,0.47,0.56,0.59,0.62,0.84,0.69,0.71,money,190205072,0.9988299953199813
2022-09-22,237,mop,household,0.01,0.03,0.03,0.07,0.08,0.1,0.14,0.16,0.19,0.24,0.25,0.32,0.48,0.34,0.41,mop,1838160,0.9445717782871131
2022-09-22,238,nail,household,0,0.03,0.02,0.06,0.08,0.08,0.13,0.19,0.21,0.28,0.29,0.35,0.54,0.45,0.51,nail,9051805,0.98000192000768
2022-09-22,239,napkin,household,0.01,0.04,0.07,0.13,0.17,0.24,0.3,0.35,0.44,0.53,0.56,0.56,0.78,0.64,0.66,napkin,1009290,0.921501686006744
2022-09-22,240,paper,household,0.06,0.08,0.14,0.25,0.29,0.36,0.39,0.53,0.58,0.67,0.69,0.71,0.88,0.78,0.81,paper,134939426,0.9982719930879723
2022-09-22,241,penny,household,0.01,0.03,0.05,0.08,0.11,0.13,0.17,0.18,0.24,0.34,0.36,0.38,0.61,0.36,0.44,penny,7162062,0.9763269053076212
2022-09-22,242,picture,household,0.03,0.05,0.11,0.18,0.2,0.25,0.33,0.42,0.48,0.59,0.63,0.67,0.82,0.73,0.78,picture,124116581,0.9981099924399698
2022-09-22,243,pillow,household,0.05,0.1,0.15,0.28,0.3,0.38,0.44,0.53,0.59,0.68,0.73,0.75,0.9,0.8,0.81,pillow,6267773,0.9739868959475838
2022-09-22,244,plant,household,0.02,0.06,0.07,0.11,0.14,0.18,0.21,0.31,0.33,0.39,0.44,0.48,0.64,0.53,0.62,plant,53247607,0.9953559814239257
2022-09-22,245,plate,household,0.02,0.06,0.1,0.16,0.23,0.31,0.38,0.47,0.51,0.62,0.61,0.64,0.81,0.74,0.76,plate,24275560,0.9905319621278486
2022-09-22,246,purse,household,0.03,0.07,0.1,0.18,0.18,0.21,0.29,0.32,0.38,0.48,0.51,0.54,0.73,0.54,0.63,purse,5488891,0.971565886263545
2022-09-22,247,radio,household,0.01,0.03,0.04,0.07,0.11,0.11,0.2,0.17,0.2,0.28,0.3,0.34,0.59,0.41,0.47,radio,113285624,0.9979239916959668
2022-09-22,248,scissors,household,0.01,0.03,0.03,0.1,0.11,0.15,0.22,0.28,0.35,0.45,0.48,0.5,0.73,0.65,0.7,scissors,2471613,0.9536108144432578
2022-09-22,249,soap,household,0.04,0.07,0.14,0.26,0.29,0.4,0.42,0.52,0.6,0.7,0.7,0.72,0.88,0.79,0.78,soap,12485378,0.9842439369757479
2022-09-22,250,spoon,household,0.17,0.21,0.33,0.46,0.5,0.56,0.62,0.7,0.73,0.8,0.8,0.81,0.93,0.84,0.85,spoon,4000406,0.9652208608834435
2022-09-22,251,tape,household,0.01,0.03,0.05,0.1,0.11,0.14,0.2,0.26,0.33,0.4,0.41,0.51,0.69,0.52,0.62,tape,30941382,0.9923079692318769
2022-09-22,252,telephone,household,0.1,0.17,0.22,0.36,0.4,0.52,0.57,0.64,0.68,0.77,0.77,0.78,0.92,0.86,0.85,telephone,62896274,0.9961329845319381
2022-09-22,253,tissue/kleenex,household,0.02,0.05,0.08,0.14,0.2,0.27,0.29,0.38,0.45,0.55,0.56,0.58,0.79,0.63,0.69,tissue,15448105,0.9866049464197857
2022-09-22,254,toothbrush,household,0.11,0.14,0.23,0.36,0.37,0.43,0.52,0.64,0.65,0.74,0.75,0.76,0.91,0.81,0.83,toothbrush,1085306,0.9247926991707967
2022-09-22,255,towel,household,0.05,0.09,0.13,0.24,0.26,0.32,0.43,0.49,0.55,0.66,0.67,0.69,0.88,0.76,0.78,towel,4901668,0.9694208776835107
2022-09-22,256,trash,household,0.05,0.1,0.15,0.26,0.3,0.28,0.41,0.43,0.44,0.55,0.52,0.62,0.75,0.59,0.63,trash,7092806,0.9761559046236185
2022-09-22,257,tray,household,0,0.02,0.02,0.05,0.04,0.06,0.08,0.12,0.12,0.13,0.16,0.2,0.31,0.22,0.3,tray,7752079,0.9776379105516422
2022-09-22,258,vacuum,household,0.04,0.07,0.13,0.2,0.24,0.3,0.34,0.38,0.46,0.54,0.58,0.62,0.77,0.67,0.69,vacuum,14316397,0.9858219432877732
2022-09-22,259,walker,household,0,0.02,0.01,0.02,0.02,0.03,0.05,0.07,0.08,0.09,0.08,0.16,0.21,0.18,0.18,walker,14808511,0.9861609446437786
2022-09-22,260,watch (object),household,0.03,0.07,0.12,0.21,0.2,0.23,0.29,0.37,0.4,0.5,0.53,0.53,0.77,0.59,0.63,watch,92006970,0.9973899895599583
2022-09-22,261,basement,furniture_rooms,0.01,0.02,0.02,0.02,0.04,0.06,0.11,0.13,0.14,0.17,0.18,0.24,0.28,0.25,0.23,basement,6386071,0.9743258973035892
2022-09-22,262,bathroom,furniture_rooms,0.03,0.07,0.12,0.21,0.23,0.27,0.42,0.46,0.54,0.65,0.68,0.69,0.85,0.78,0.81,bathroom,18235238,0.9881649526598106
2022-09-22,263,bathtub,furniture_rooms,0.11,0.16,0.24,0.33,0.36,0.38,0.51,0.57,0.6,0.67,0.71,0.72,0.87,0.74,0.76,bathtub,1353848,0.9339277357109429
2022-09-22,264,bed,furniture_rooms,0.13,0.21,0.29,0.4,0.48,0.56,0.62,0.71,0.74,0.84,0.84,0.88,0.94,0.88,0.87,bed,64262881,0.9962229848919396
2022-09-22,265,bedroom,furniture_rooms,0.01,0.05,0.07,0.13,0.15,0.21,0.27,0.33,0.43,0.51,0.54,0.6,0.77,0.68,0.72,bedroom,26229848,0.9911139644558579
2022-09-22,266,bench,furniture_rooms,0,0.03,0.02,0.04,0.04,0.05,0.09,0.14,0.15,0.16,0.23,0.26,0.38,0.31,0.4,bench,8992211,0.9799059196236785
2022-09-22,267,chair,furniture_rooms,0.12,0.17,0.28,0.41,0.44,0.46,0.58,0.64,0.72,0.79,0.79,0.81,0.93,0.85,0.86,chair,40764005,0.9940329761319046
2022-09-22,268,closet,furniture_rooms,0,0.03,0.04,0.09,0.08,0.15,0.21,0.24,0.34,0.42,0.45,0.54,0.71,0.62,0.68,closet,4581735,0.9680588722354889
2022-09-22,269,couch,furniture_rooms,0.02,0.05,0.11,0.18,0.2,0.26,0.34,0.42,0.49,0.57,0.59,0.65,0.82,0.7,0.72,couch,4581367,0.9680498721994888
2022-09-22,270,crib,furniture_rooms,0.03,0.05,0.08,0.13,0.17,0.24,0.27,0.39,0.39,0.48,0.55,0.56,0.7,0.6,0.68,crib,3847659,0.9644528578114312
2022-09-22,271,door,furniture_rooms,0.15,0.25,0.3,0.41,0.46,0.52,0.6,0.65,0.73,0.8,0.8,0.86,0.93,0.85,0.87,door,56638839,0.9956559826239305
2022-09-22,272,drawer,furniture_rooms,0.01,0.03,0.05,0.08,0.09,0.11,0.18,0.21,0.27,0.33,0.37,0.47,0.61,0.5,0.57,drawer,4830969,0.9691388765555062
2022-09-22,273,dryer,furniture_rooms,0,0.02,0.03,0.09,0.06,0.09,0.14,0.19,0.21,0.28,0.33,0.39,0.56,0.46,0.5,dryer,5592001,0.9718898875595502
2022-09-22,274,garage,furniture_rooms,0.01,0.02,0.03,0.09,0.1,0.13,0.18,0.24,0.3,0.38,0.4,0.45,0.66,0.51,0.57,garage,16906398,0.9874659498637994
2022-09-22,275,high chair,furniture_rooms,0.04,0.08,0.14,0.18,0.18,0.24,0.29,0.37,0.4,0.44,0.51,0.51,0.69,0.56,0.62,highchair,182305,0.7879321517286069
2022-09-22,276,kitchen,furniture_rooms,0.02,0.05,0.1,0.17,0.19,0.29,0.33,0.42,0.5,0.6,0.63,0.68,0.83,0.74,0.79,kitchen,60975784,0.9959859839439358
2022-09-22,277,living room,furniture_rooms,0,0.03,0.04,0.06,0.06,0.11,0.16,0.24,0.27,0.33,0.41,0.46,0.6,0.5,0.57,livingroom,295745,0.8392773571094284
2022-09-22,278,oven,furniture_rooms,0.01,0.04,0.04,0.09,0.11,0.15,0.22,0.25,0.32,0.37,0.44,0.48,0.64,0.56,0.6,oven,9926264,0.9813609254437018
2022-09-22,279,play pen,furniture_rooms,0,0.02,0.02,0.04,0.03,0.03,0.05,0.09,0.08,0.11,0.13,0.15,0.3,0.21,0.24,playpen,197242,0.7969621878487514
2022-09-22,280,porch,furniture_rooms,0.01,0.01,0.02,0.04,0.06,0.07,0.1,0.13,0.14,0.19,0.22,0.31,0.41,0.28,0.34,porch,3420626,0.9616958467833872
2022-09-22,281,potty,furniture_rooms,0.1,0.15,0.26,0.39,0.44,0.49,0.58,0.64,0.68,0.77,0.79,0.79,0.9,0.82,0.83,potty,1390617,0.9349027396109585
2022-09-22,283,refrigerator,furniture_rooms,0.01,0.05,0.06,0.13,0.15,0.16,0.25,0.29,0.37,0.46,0.5,0.57,0.76,0.61,0.67,refrigerator,5726901,0.9723788895155581
2022-09-22,284,room,furniture_rooms,0.03,0.05,0.07,0.15,0.18,0.2,0.31,0.38,0.44,0.53,0.58,0.63,0.79,0.65,0.75,room,176299905,0.9987039948159793
2022-09-22,285,shower,furniture_rooms,0.03,0.08,0.11,0.2,0.24,0.27,0.35,0.44,0.49,0.59,0.6,0.62,0.8,0.71,0.74,shower,20638340,0.9891789567158269
2022-09-22,286,sink,furniture_rooms,0.01,0.04,0.07,0.13,0.12,0.21,0.27,0.33,0.42,0.47,0.53,0.58,0.75,0.65,0.7,sink,8120590,0.9783159132636531
2022-09-22,287,sofa,furniture_rooms,0,0.03,0.04,0.05,0.07,0.09,0.09,0.15,0.19,0.24,0.26,0.29,0.41,0.38,0.46,sofa,6581358,0.9749078996315985
2022-09-22,288,stairs,furniture_rooms,0.02,0.06,0.11,0.17,0.18,0.24,0.33,0.42,0.45,0.54,0.58,0.61,0.81,0.66,0.72,stairs,4470593,0.9675248700994804
2022-09-22,289,stove,furniture_rooms,0.02,0.05,0.07,0.13,0.14,0.19,0.25,0.28,0.32,0.35,0.42,0.47,0.61,0.52,0.55,stove,3914849,0.964812859251437
2022-09-22,290,table,furniture_rooms,0.02,0.07,0.11,0.21,0.24,0.29,0.36,0.46,0.53,0.65,0.67,0.67,0.86,0.77,0.8,table,165341452,0.9986109944439778
2022-09-22,291,TV,furniture_rooms,0.08,0.13,0.21,0.33,0.38,0.44,0.47,0.58,0.64,0.75,0.76,0.74,0.93,0.86,0.88,tv,159603914,0.9985539942159769
2022-09-22,292,window,furniture_rooms,0.02,0.05,0.08,0.16,0.18,0.23,0.27,0.33,0.42,0.52,0.58,0.65,0.81,0.7,0.7,window,102711715,0.9976719906879628
2022-09-22,294,backyard,outside,0.01,0.03,0.06,0.07,0.09,0.16,0.17,0.24,0.29,0.36,0.41,0.45,0.65,0.51,0.57,backyard,4541081,0.9678398713594855
2022-09-22,295,cloud,outside,0.03,0.05,0.09,0.14,0.18,0.23,0.27,0.37,0.43,0.49,0.49,0.57,0.74,0.66,0.72,cloud,11337220,0.9831399325597302
2022-09-22,296,flag,outside,0.01,0.04,0.07,0.13,0.11,0.17,0.19,0.24,0.32,0.41,0.44,0.43,0.65,0.51,0.58,flag,33050354,0.9927639710558842
2022-09-22,297,flower,outside,0.14,0.22,0.28,0.44,0.47,0.5,0.55,0.66,0.7,0.81,0.77,0.84,0.92,0.86,0.89,flower,33364539,0.9928179712718851
2022-09-22,298,garden,outside,0,0.02,0.04,0.06,0.06,0.09,0.13,0.2,0.24,0.25,0.32,0.36,0.51,0.47,0.51,garden,119014988,0.9980169920679682
2022-09-22,299,grass,outside,0.06,0.09,0.14,0.22,0.26,0.29,0.39,0.47,0.54,0.65,0.65,0.69,0.85,0.75,0.78,grass,12868953,0.9846489385957544
2022-09-22,300,hose,outside,0.01,0.03,0.04,0.09,0.09,0.11,0.17,0.23,0.28,0.35,0.38,0.42,0.63,0.51,0.53,hose,6909109,0.9757629030516122
2022-09-22,301,ladder,outside,0,0.03,0.03,0.08,0.07,0.13,0.16,0.22,0.27,0.36,0.36,0.42,0.62,0.53,0.56,ladder,5508719,0.9716228864915459
2022-09-22,302,lawn mower,outside,0.03,0.04,0.07,0.13,0.13,0.18,0.19,0.27,0.29,0.38,0.41,0.45,0.61,0.48,0.49,lawnmower,392081,0.8636794547178188
2022-09-22,303,moon,outside,0.12,0.22,0.28,0.4,0.42,0.49,0.58,0.63,0.68,0.77,0.75,0.77,0.9,0.82,0.85,moon,28374261,0.9915999663998656
2022-09-22,304,pool,outside,0.06,0.1,0.14,0.21,0.27,0.33,0.35,0.43,0.5,0.6,0.62,0.63,0.82,0.71,0.76,pool,53046994,0.9953409813639255
2022-09-22,305,rain,outside,0.06,0.1,0.16,0.28,0.35,0.4,0.46,0.59,0.65,0.74,0.74,0.77,0.91,0.82,0.86,rain,26419979,0.9911619646478586
2022-09-22,306,rock,outside,0.09,0.15,0.2,0.32,0.36,0.37,0.49,0.57,0.62,0.68,0.68,0.71,0.87,0.77,0.79,rock,95488543,0.9974949899799599
2022-09-22,307,roof,outside,0,0.02,0.02,0.04,0.04,0.07,0.11,0.15,0.19,0.21,0.26,0.3,0.49,0.41,0.48,roof,14809282,0.9861639446557786
2022-09-22,308,sandbox,outside,0.01,0.02,0.05,0.09,0.08,0.12,0.14,0.21,0.28,0.33,0.34,0.43,0.6,0.45,0.5,sandbox,2215370,0.9504758019032076
2022-09-22,309,shovel,outside,0.02,0.05,0.06,0.11,0.13,0.19,0.24,0.31,0.38,0.41,0.45,0.51,0.71,0.59,0.63,shovel,1031406,0.9224436897747591
2022-09-22,310,sidewalk,outside,0,0.03,0.03,0.07,0.07,0.09,0.15,0.19,0.26,0.32,0.37,0.4,0.59,0.5,0.56,sidewalk,2231882,0.9506948027792111
2022-09-22,311,sky,outside,0.04,0.08,0.13,0.22,0.24,0.31,0.35,0.41,0.48,0.56,0.59,0.65,0.78,0.66,0.75,sky,27281333,0.9913869655478622
2022-09-22,312,slide (object),outside,0.08,0.11,0.16,0.25,0.31,0.35,0.41,0.54,0.55,0.63,0.65,0.69,0.84,0.73,0.74,slide,22339084,0.9898209592838372
2022-09-22,313,snow,outside,0.07,0.11,0.13,0.16,0.2,0.32,0.32,0.44,0.49,0.49,0.55,0.62,0.7,0.69,0.7,snow,35358852,0.9931809727238909
2022-09-22,314,snowman,outside,0.02,0.04,0.04,0.08,0.1,0.15,0.21,0.26,0.32,0.35,0.42,0.45,0.59,0.61,0.62,snowman,1391103,0.9349237396949588
2022-09-22,315,sprinkler,outside,0,0.01,0.02,0.06,0.04,0.06,0.09,0.15,0.17,0.28,0.27,0.27,0.47,0.38,0.42,sprinkler,1407590,0.9353557414229657
2022-09-22,316,star,outside,0.09,0.15,0.2,0.3,0.3,0.44,0.46,0.53,0.61,0.68,0.67,0.73,0.85,0.8,0.83,star,122498186,0.9980859923439693
2022-09-22,317,stick,outside,0.05,0.06,0.11,0.19,0.19,0.22,0.33,0.41,0.48,0.55,0.57,0.64,0.79,0.68,0.69,stick,22399126,0.9898419593678375
2022-09-22,318,stone,outside,0.01,0.02,0.04,0.05,0.05,0.09,0.12,0.14,0.17,0.22,0.2,0.31,0.39,0.36,0.41,stone,42494931,0.9942369769479078
2022-09-22,319,street,outside,0.01,0.03,0.05,0.1,0.13,0.17,0.23,0.3,0.38,0.45,0.48,0.53,0.75,0.62,0.67,street,149130754,0.998433993735975
2022-09-22,320,sun,outside,0.06,0.11,0.13,0.26,0.3,0.4,0.46,0.52,0.6,0.71,0.7,0.76,0.87,0.81,0.84,sun,121218500,0.9980679922719691
2022-09-22,321,swing (object),outside,0.11,0.16,0.21,0.31,0.37,0.38,0.48,0.55,0.61,0.68,0.7,0.71,0.87,0.74,0.77,swing,12734467,0.9845169380677523
2022-09-22,322,tree,outside,0.18,0.21,0.32,0.43,0.47,0.59,0.58,0.7,0.75,0.79,0.8,0.86,0.93,0.87,0.86,tree,59622952,0.9958959835839344
2022-09-22,323,water (not beverage),outside,0.17,0.22,0.31,0.41,0.53,0.55,0.58,0.69,0.72,0.8,0.76,0.83,0.94,0.83,0.89,water,215178488,0.9990009960039841
2022-09-22,324,wind,outside,0.02,0.04,0.07,0.13,0.14,0.19,0.23,0.34,0.36,0.47,0.45,0.53,0.69,0.61,0.66,wind,42974876,0.9943059772239089
2022-09-22,325,beach,places,0.02,0.05,0.07,0.1,0.14,0.2,0.25,0.29,0.33,0.37,0.45,0.52,0.67,0.58,0.67,beach,105642682,0.9977319909279637
2022-09-22,326,camping,places,0,0.02,0.01,0.01,0.01,0.05,0.05,0.08,0.11,0.13,0.17,0.17,0.29,0.23,0.29,camping,17770402,0.9879489517958072
2022-09-22,328,circus,places,0,0.01,0.02,0.02,0.02,0.02,0.04,0.07,0.08,0.14,0.16,0.19,0.33,0.21,0.28,circus,5377139,0.9712028848115393
2022-09-22,329,country,places,0,0.01,0.01,0.01,0.01,0.01,0.03,0.03,0.04,0.06,0.05,0.09,0.14,0.11,0.17,country,188691168,0.9988149952599811
2022-09-22,330,downtown,places,0,0.01,0.01,0.03,0.02,0.03,0.03,0.06,0.08,0.1,0.11,0.15,0.22,0.2,0.22,downtown,20904189,0.9892839571358285
2022-09-22,331,farm,places,0.01,0.02,0.02,0.08,0.1,0.14,0.15,0.25,0.27,0.34,0.41,0.42,0.57,0.5,0.58,farm,47934860,0.9948519794079176
2022-09-22,333,home,places,0.09,0.18,0.23,0.34,0.4,0.44,0.53,0.6,0.68,0.76,0.77,0.8,0.9,0.82,0.83,home,1276852170,0.9999039996159985
2022-09-22,334,house,places,0.07,0.11,0.18,0.28,0.3,0.37,0.43,0.5,0.59,0.67,0.69,0.72,0.85,0.81,0.83,house,231310420,0.9991119964479858
2022-09-22,335,movie,places,0.02,0.02,0.04,0.08,0.1,0.13,0.16,0.2,0.27,0.32,0.39,0.41,0.59,0.51,0.6,movie,158421100,0.9985329941319765
2022-09-22,336,outside,places,0.19,0.25,0.34,0.46,0.52,0.57,0.61,0.68,0.7,0.77,0.77,0.8,0.91,0.84,0.83,outside,67415846,0.9964329857319429
2022-09-22,337,park,places,0.06,0.1,0.18,0.26,0.28,0.33,0.44,0.52,0.59,0.66,0.68,0.69,0.84,0.78,0.85,park,141548802,0.9983559934239737
2022-09-22,338,party,places,0.01,0.03,0.04,0.09,0.09,0.13,0.17,0.26,0.35,0.47,0.48,0.5,0.71,0.59,0.68,party,144707500,0.9983889935559742
2022-09-22,339,picnic,places,0,0.02,0.03,0.05,0.04,0.06,0.09,0.14,0.19,0.25,0.3,0.34,0.48,0.44,0.48,picnic,5417141,0.9713348853395414
2022-09-22,340,playground,places,0.01,0.03,0.05,0.08,0.09,0.13,0.19,0.32,0.31,0.38,0.41,0.47,0.57,0.6,0.65,playground,4853485,0.9692228768915075
2022-09-22,341,school,places,0.03,0.09,0.12,0.19,0.26,0.29,0.36,0.41,0.5,0.62,0.63,0.68,0.81,0.73,0.79,school,343057316,0.9995079980319921
2022-09-22,342,store,places,0.02,0.05,0.09,0.19,0.22,0.26,0.35,0.4,0.47,0.59,0.64,0.64,0.84,0.72,0.73,store,291308910,0.9993459973839895
2022-09-22,343,woods,places,0,0.02,0.01,0.03,0.02,0.04,0.05,0.08,0.09,0.12,0.14,0.2,0.26,0.23,0.27,woods,14647735,0.9860529442117768
2022-09-22,344,work (place),places,0.02,0.05,0.11,0.16,0.21,0.22,0.3,0.39,0.48,0.57,0.61,0.63,0.81,0.69,0.73,work,419483948,0.999627998511994
2022-09-22,345,yard,places,0.01,0.03,0.04,0.08,0.09,0.11,0.16,0.19,0.25,0.34,0.38,0.43,0.57,0.48,0.52,yard,15075593,0.9863829455317821
2022-09-22,346,zoo,places,0.02,0.07,0.09,0.13,0.13,0.23,0.26,0.27,0.35,0.44,0.44,0.52,0.68,0.55,0.6,zoo,11589578,0.9833949335797343
2022-09-22,347,aunt,people,0.06,0.08,0.12,0.17,0.18,0.2,0.28,0.37,0.43,0.47,0.49,0.56,0.7,0.59,0.63,aunt,4594042,0.9681218724874899
2022-09-22,348,baby,people,0.49,0.58,0.65,0.74,0.74,0.84,0.83,0.83,0.88,0.92,0.89,0.92,0.96,0.95,0.94,baby,117696064,0.9979959919839679
2022-09-22,349,babysitter,people,0,0.01,0.01,0.03,0.03,0.03,0.04,0.07,0.11,0.15,0.12,0.17,0.31,0.26,0.23,babysitter,876171,0.9148536594146377
2022-09-22,351,boy,people,0.06,0.11,0.16,0.26,0.29,0.31,0.37,0.43,0.51,0.58,0.63,0.66,0.83,0.74,0.78,boy,58664244,0.9958239832959331
2022-09-22,352,brother,people,0.07,0.14,0.15,0.17,0.19,0.21,0.28,0.3,0.31,0.39,0.46,0.44,0.58,0.59,0.59,brother,34273892,0.9929589718358873
2022-09-22,353,child,people,0.01,0.03,0.03,0.04,0.05,0.07,0.08,0.12,0.16,0.16,0.18,0.26,0.33,0.33,0.38,child,119747393,0.9980379921519686
2022-09-22,354,clown,people,0.01,0.04,0.06,0.08,0.1,0.13,0.12,0.14,0.21,0.29,0.3,0.34,0.62,0.35,0.44,clown,3081501,0.9591098364393458
2022-09-22,355,cowboy,people,0,0.02,0.01,0.02,0.02,0.04,0.04,0.08,0.11,0.17,0.17,0.19,0.37,0.3,0.36,cowboy,6868615,0.9756489025956104
2022-09-22,357,doctor,people,0.06,0.04,0.09,0.17,0.2,0.24,0.27,0.33,0.41,0.55,0.55,0.62,0.77,0.71,0.76,doctor,39845710,0.9939009756039024
2022-09-22,358,fireman,people,0,0.03,0.02,0.04,0.04,0.09,0.11,0.18,0.24,0.3,0.34,0.42,0.58,0.53,0.57,fireman,994581,0.9208656834627339
2022-09-22,359,friend,people,0.02,0.03,0.04,0.1,0.11,0.15,0.22,0.29,0.34,0.38,0.44,0.47,0.65,0.63,0.69,friend,154527125,0.9984939939759759
2022-09-22,360,girl,people,0.07,0.09,0.12,0.25,0.26,0.3,0.36,0.4,0.46,0.52,0.59,0.6,0.78,0.69,0.73,girl,89139125,0.9972969891879567
2022-09-22,363,lady,people,0.01,0.02,0.04,0.08,0.11,0.12,0.16,0.18,0.25,0.29,0.35,0.39,0.55,0.45,0.48,lady,29348297,0.9918579674318697
2022-09-22,364,mailman,people,0.01,0.03,0.03,0.05,0.05,0.1,0.13,0.17,0.18,0.23,0.31,0.36,0.5,0.41,0.45,mailman,5266389,0.9708368833475334
2022-09-22,365,man,people,0.03,0.06,0.07,0.15,0.16,0.2,0.27,0.3,0.37,0.44,0.47,0.51,0.7,0.59,0.63,man,181445531,0.9987639950559802
2022-09-22,367,nurse,people,0.01,0.02,0.02,0.03,0.03,0.05,0.05,0.07,0.08,0.13,0.15,0.17,0.29,0.24,0.28,nurse,16772151,0.9874029496117984
2022-09-22,369,people,people,0.03,0.04,0.06,0.12,0.1,0.13,0.19,0.28,0.31,0.34,0.39,0.45,0.61,0.53,0.61,people,480303376,0.999687998751995
2022-09-22,370,person,people,0,0.02,0.02,0.03,0.04,0.05,0.07,0.09,0.11,0.14,0.17,0.22,0.28,0.3,0.35,person,146749448,0.9984069936279745
2022-09-22,372,police,people,0,0.02,0.02,0.03,0.03,0.07,0.09,0.14,0.19,0.27,0.31,0.35,0.52,0.48,0.55,police,64198152,0.9962169848679395
2022-09-22,373,sister,people,0.11,0.14,0.15,0.17,0.23,0.21,0.31,0.31,0.34,0.39,0.42,0.46,0.56,0.56,0.59,sister,25039506,0.9907689630758523
2022-09-22,374,teacher,people,0.01,0.03,0.04,0.07,0.09,0.12,0.14,0.2,0.24,0.32,0.34,0.39,0.52,0.54,0.58,teacher,48002944,0.9948669794679179
2022-09-22,375,uncle,people,0.04,0.05,0.09,0.14,0.16,0.18,0.28,0.34,0.4,0.46,0.48,0.5,0.67,0.59,0.65,uncle,8127694,0.9783309133236533
2022-09-22,376,bath,games_routines,0.32,0.4,0.48,0.6,0.61,0.67,0.73,0.79,0.8,0.85,0.85,0.87,0.95,0.86,0.86,bath,30537308,0.9921999687998752
2022-09-22,377,breakfast,games_routines,0.04,0.08,0.11,0.2,0.22,0.28,0.36,0.44,0.5,0.58,0.62,0.64,0.8,0.74,0.74,breakfast,35991312,0.9932919731678926
2022-09-22,378,bye,games_routines,0.65,0.71,0.8,0.86,0.86,0.87,0.9,0.91,0.93,0.95,0.93,0.93,0.97,0.95,0.97,bye,6427151,0.9744248976995908
2022-09-22,379,call (on phone),games_routines,0.11,0.11,0.16,0.24,0.27,0.33,0.42,0.48,0.53,0.63,0.65,0.68,0.78,0.73,0.76,call,199608869,0.9988809955239821
2022-09-22,380,dinner,games_routines,0.04,0.06,0.08,0.17,0.2,0.27,0.34,0.43,0.48,0.59,0.6,0.65,0.79,0.72,0.75,dinner,25974858,0.9910449641798568
2022-09-22,384,hello,games_routines,0.43,0.46,0.47,0.52,0.57,0.64,0.66,0.72,0.72,0.73,0.73,0.76,0.81,0.83,0.88,hello,32960381,0.9927429709718839
2022-09-22,385,hi,games_routines,0.52,0.56,0.66,0.75,0.72,0.79,0.8,0.79,0.86,0.91,0.9,0.92,0.96,0.91,0.9,hi,67566273,0.9964449857799431
2022-09-22,386,lunch,games_routines,0.05,0.06,0.1,0.19,0.2,0.26,0.34,0.41,0.47,0.57,0.63,0.64,0.78,0.73,0.76,lunch,20807419,0.989250957003828
2022-09-22,387,nap,games_routines,0.08,0.12,0.17,0.28,0.3,0.37,0.46,0.55,0.61,0.71,0.71,0.76,0.88,0.81,0.81,nap,2473014,0.9536348145392581
2022-09-22,389,no,games_routines,0.56,0.64,0.73,0.8,0.82,0.85,0.9,0.85,0.91,0.93,0.94,0.94,0.97,0.95,0.97,no,937112320,0.9998589994359978
2022-09-22,390,pattycake,games_routines,0.05,0.09,0.13,0.21,0.2,0.26,0.27,0.32,0.33,0.45,0.44,0.47,0.67,0.49,0.54,pattycake,28656,0.37360949443797775
2022-09-22,391,peekaboo,games_routines,0.26,0.34,0.42,0.51,0.52,0.56,0.61,0.66,0.72,0.78,0.78,0.79,0.9,0.8,0.85,peekaboo,117785,0.727814911259645
2022-09-22,392,please,games_routines,0.24,0.34,0.42,0.57,0.57,0.68,0.73,0.79,0.81,0.87,0.86,0.91,0.96,0.93,0.95,please,380046348,0.999567998271993
2022-09-22,394,shopping,games_routines,0.02,0.03,0.06,0.11,0.12,0.13,0.2,0.29,0.35,0.43,0.47,0.52,0.7,0.6,0.66,shopping,204104275,0.9989229956919827
2022-09-22,395,snack,games_routines,0.11,0.13,0.19,0.26,0.28,0.33,0.45,0.52,0.56,0.62,0.64,0.7,0.78,0.73,0.8,snack,3847152,0.9644468577874311
2022-09-22,397,thank you,games_routines,0.29,0.36,0.47,0.61,0.61,0.67,0.75,0.78,0.8,0.89,0.86,0.9,0.95,0.94,0.96,thanks,91398411,0.9973719894879579
2022-09-22,399,turn around,games_routines,0.02,0.05,0.05,0.11,0.13,0.16,0.19,0.3,0.36,0.44,0.45,0.53,0.68,0.59,0.66,turnaround,1938787,0.9464047856191424
2022-09-22,400,yes,games_routines,0.31,0.41,0.47,0.6,0.61,0.75,0.79,0.79,0.83,0.9,0.9,0.9,0.95,0.94,0.94,yes,159595214,0.9985509942039769
2022-09-22,401,bite,action_words,0.14,0.14,0.2,0.33,0.33,0.37,0.48,0.51,0.58,0.69,0.67,0.72,0.88,0.75,0.78,bite,6058201,0.9734588938355754
2022-09-22,402,blow,action_words,0.06,0.07,0.1,0.21,0.23,0.28,0.32,0.4,0.49,0.61,0.59,0.64,0.82,0.69,0.71,blow,31344495,0.9923829695318781
2022-09-22,403,break,action_words,0.01,0.03,0.06,0.11,0.15,0.19,0.26,0.36,0.44,0.5,0.56,0.57,0.8,0.68,0.73,break,51242970,0.9951489805959224
2022-09-22,404,bring,action_words,0.02,0.03,0.05,0.09,0.11,0.13,0.18,0.29,0.32,0.41,0.41,0.5,0.65,0.58,0.63,bring,57608074,0.9957279829119317
2022-09-22,405,build,action_words,0.01,0.03,0.02,0.07,0.06,0.11,0.16,0.24,0.3,0.38,0.44,0.48,0.62,0.6,0.65,build,77203075,0.9968589874359497
2022-09-22,406,bump,action_words,0.03,0.05,0.1,0.15,0.16,0.17,0.24,0.31,0.35,0.41,0.48,0.44,0.67,0.57,0.61,bump,4618593,0.9682388729554918
2022-09-22,407,buy,action_words,0.01,0.03,0.03,0.06,0.07,0.09,0.12,0.19,0.23,0.29,0.34,0.44,0.59,0.54,0.62,buy,410780176,0.9996129984519938
2022-09-22,408,carry,action_words,0.02,0.04,0.04,0.11,0.12,0.17,0.26,0.33,0.4,0.51,0.54,0.58,0.72,0.68,0.69,carry,33056477,0.9927669710678843
2022-09-22,409,catch,action_words,0.02,0.05,0.07,0.11,0.13,0.18,0.24,0.31,0.39,0.5,0.53,0.56,0.75,0.69,0.72,catch,20400979,0.9890979563918255
2022-09-22,410,chase,action_words,0.02,0.03,0.04,0.09,0.08,0.1,0.15,0.21,0.29,0.33,0.34,0.38,0.57,0.48,0.55,chase,10971945,0.9827469309877239
2022-09-22,411,clap,action_words,0.06,0.13,0.17,0.28,0.3,0.34,0.39,0.48,0.53,0.63,0.63,0.66,0.79,0.76,0.75,clap,1497714,0.9376417505670023
2022-09-22,412,clean (action),action_words,0.02,0.06,0.11,0.19,0.23,0.29,0.36,0.43,0.52,0.59,0.63,0.65,0.83,0.73,0.79,clean,45381752,0.9945759783039132
2022-09-22,413,climb,action_words,0.03,0.04,0.06,0.11,0.14,0.17,0.28,0.33,0.41,0.5,0.51,0.54,0.73,0.63,0.7,climb,5697476,0.972249888999556
2022-09-22,414,close,action_words,0.06,0.06,0.11,0.15,0.2,0.23,0.32,0.4,0.48,0.56,0.56,0.6,0.8,0.71,0.77,close,107853068,0.9977979911919648
2022-09-22,415,cook,action_words,0.03,0.05,0.06,0.16,0.15,0.22,0.3,0.34,0.42,0.54,0.54,0.57,0.74,0.66,0.71,cook,24412080,0.9905859623438493
2022-09-22,416,cover,action_words,0.01,0.02,0.03,0.05,0.04,0.1,0.1,0.16,0.22,0.29,0.31,0.37,0.57,0.5,0.52,cover,94501729,0.9974649898599595
2022-09-22,417,cry,action_words,0.06,0.05,0.11,0.19,0.27,0.31,0.39,0.46,0.52,0.68,0.69,0.7,0.88,0.81,0.81,cry,11624610,0.9834159336637347
2022-09-22,418,cut,action_words,0,0.03,0.03,0.07,0.09,0.13,0.18,0.25,0.31,0.4,0.45,0.51,0.68,0.61,0.65,cut,61337417,0.9960309841239365
2022-09-22,419,dance,action_words,0.07,0.11,0.15,0.25,0.25,0.34,0.38,0.52,0.53,0.64,0.65,0.69,0.82,0.77,0.8,dance,51147967,0.9951369805479222
2022-09-22,420,draw,action_words,0.03,0.05,0.05,0.15,0.14,0.2,0.29,0.35,0.4,0.51,0.51,0.59,0.73,0.67,0.7,draw,22705371,0.9899529598118393
2022-09-22,421,drink (action),action_words,0.13,0.13,0.23,0.35,0.35,0.45,0.48,0.56,0.62,0.75,0.73,0.74,0.89,0.8,0.82,drink,29254937,0.9918309673238693
2022-09-22,422,drive,action_words,0.01,0.04,0.06,0.14,0.12,0.2,0.24,0.37,0.42,0.52,0.52,0.57,0.78,0.67,0.71,drive,107799371,0.9977919911679647
2022-09-22,423,drop,action_words,0.02,0.04,0.05,0.11,0.12,0.12,0.21,0.29,0.36,0.45,0.48,0.52,0.71,0.61,0.66,drop,37433033,0.9935289741158965
2022-09-22,424,dry (action),action_words,0.01,0.03,0.05,0.08,0.1,0.13,0.16,0.27,0.29,0.37,0.39,0.48,0.67,0.56,0.59,dry,31744277,0.9924819699278797
2022-09-22,425,dump,action_words,0.01,0.02,0.02,0.05,0.08,0.08,0.12,0.18,0.22,0.25,0.26,0.33,0.44,0.43,0.42,dump,6942258,0.9758349033396133
2022-09-22,426,eat,action_words,0.2,0.21,0.35,0.47,0.47,0.55,0.66,0.68,0.74,0.83,0.82,0.86,0.94,0.89,0.89,eat,29237400,0.9918189672758692
2022-09-22,427,fall,action_words,0.04,0.06,0.09,0.19,0.23,0.26,0.39,0.47,0.56,0.65,0.7,0.7,0.86,0.78,0.79,fall,65501110,0.9963069852279409
2022-09-22,428,feed,action_words,0.02,0.03,0.04,0.09,0.1,0.13,0.16,0.25,0.29,0.36,0.42,0.48,0.66,0.53,0.6,feed,62663785,0.996123984495938
2022-09-22,429,find,action_words,0.02,0.03,0.04,0.1,0.12,0.18,0.23,0.34,0.38,0.48,0.48,0.56,0.76,0.68,0.71,find,502043038,0.9997029988119952
2022-09-22,430,finish,action_words,0.01,0.03,0.04,0.08,0.08,0.08,0.15,0.25,0.26,0.31,0.36,0.38,0.56,0.55,0.63,finish,29769825,0.9919809679238717
2022-09-22,431,fit,action_words,0,0.02,0.02,0.06,0.03,0.05,0.09,0.16,0.21,0.23,0.3,0.34,0.51,0.44,0.53,fit,42342802,0.9942099768399073
2022-09-22,432,fix,action_words,0.02,0.03,0.05,0.13,0.14,0.19,0.24,0.35,0.41,0.51,0.54,0.6,0.79,0.66,0.73,fix,32334055,0.9926109704438818
2022-09-22,433,get,action_words,0.07,0.07,0.11,0.21,0.21,0.26,0.34,0.39,0.48,0.58,0.6,0.62,0.82,0.73,0.76,get,605984508,0.9997719990879963
2022-09-22,434,give,action_words,0.03,0.05,0.06,0.1,0.13,0.16,0.22,0.31,0.38,0.48,0.51,0.55,0.75,0.69,0.73,give,140688602,0.9983379933519734
2022-09-22,435,go,action_words,0.25,0.29,0.38,0.5,0.54,0.6,0.68,0.68,0.76,0.83,0.82,0.84,0.93,0.89,0.91,go,421086358,0.9996339985359941
2022-09-22,436,hate,action_words,0,0.02,0.01,0.02,0.01,0.01,0.02,0.05,0.04,0.08,0.1,0.14,0.2,0.18,0.2,hate,21274675,0.9894219576878307
2022-09-22,437,have,action_words,0.01,0.03,0.04,0.1,0.11,0.16,0.2,0.3,0.37,0.43,0.49,0.54,0.72,0.64,0.7,have,1564202750,0.9999249996999988
2022-09-22,438,hear,action_words,0.02,0.03,0.03,0.09,0.08,0.1,0.17,0.24,0.31,0.37,0.41,0.47,0.65,0.6,0.66,hear,47426506,0.9947949791799168
2022-09-22,439,help,action_words,0.09,0.12,0.2,0.27,0.32,0.38,0.46,0.55,0.6,0.7,0.73,0.74,0.88,0.82,0.85,help,611054034,0.9997749990999965
2022-09-22,440,hide,action_words,0.01,0.03,0.05,0.12,0.13,0.2,0.27,0.35,0.42,0.51,0.53,0.57,0.76,0.69,0.73,hide,27157035,0.9913629654518618
2022-09-22,441,hit,action_words,0.03,0.04,0.07,0.13,0.16,0.18,0.31,0.39,0.43,0.58,0.57,0.63,0.8,0.7,0.76,hit,53171478,0.9953499813999256
2022-09-22,442,hold,action_words,0.02,0.03,0.06,0.14,0.13,0.19,0.27,0.37,0.42,0.49,0.55,0.58,0.78,0.66,0.7,hold,63777575,0.9961779847119389
2022-09-22,443,hug,action_words,0.15,0.15,0.23,0.32,0.38,0.41,0.49,0.61,0.64,0.73,0.74,0.79,0.89,0.84,0.85,hug,2943073,0.9580868323473294
2022-09-22,444,hurry,action_words,0.01,0.03,0.04,0.07,0.07,0.1,0.15,0.17,0.24,0.33,0.37,0.4,0.62,0.52,0.58,hurry,3536968,0.9625538502154009
2022-09-22,445,jump,action_words,0.04,0.08,0.13,0.24,0.26,0.29,0.43,0.55,0.61,0.68,0.69,0.71,0.86,0.8,0.85,jump,44137441,0.9944199776799107
2022-09-22,446,kick,action_words,0.05,0.06,0.1,0.2,0.19,0.22,0.31,0.38,0.47,0.56,0.55,0.62,0.77,0.72,0.74,kick,12941649,0.9847359389437558
2022-09-22,447,kiss,action_words,0.11,0.21,0.26,0.37,0.39,0.45,0.54,0.61,0.68,0.77,0.79,0.82,0.91,0.88,0.87,kiss,14790481,0.9861489445957784
2022-09-22,448,knock,action_words,0.04,0.06,0.09,0.14,0.15,0.17,0.27,0.31,0.38,0.45,0.48,0.52,0.69,0.6,0.65,knock,5196013,0.9705728822915292
2022-09-22,449,lick,action_words,0.01,0.03,0.02,0.07,0.06,0.08,0.17,0.21,0.26,0.33,0.36,0.44,0.6,0.54,0.6,lick,3431970,0.961749846999388
2022-09-22,450,like,action_words,0.01,0.02,0.03,0.1,0.1,0.12,0.19,0.3,0.37,0.43,0.51,0.57,0.74,0.68,0.74,like,520585287,0.9997149988599955
2022-09-22,451,listen,action_words,0.01,0.03,0.03,0.07,0.08,0.09,0.15,0.2,0.26,0.33,0.31,0.42,0.56,0.53,0.6,listen,43252527,0.9943299773199092
2022-09-22,452,look,action_words,0.06,0.07,0.11,0.2,0.18,0.21,0.33,0.4,0.49,0.61,0.64,0.67,0.83,0.78,0.8,look,173043002,0.9986649946599786
2022-09-22,453,love,action_words,0.09,0.11,0.15,0.26,0.29,0.35,0.44,0.47,0.55,0.65,0.67,0.71,0.85,0.8,0.83,love,201063526,0.9988929955719823
2022-09-22,454,make,action_words,0,0.02,0.02,0.06,0.06,0.1,0.18,0.22,0.29,0.37,0.41,0.49,0.7,0.59,0.64,make,405084642,0.9996069984279937
2022-09-22,455,open,action_words,0.1,0.15,0.19,0.31,0.35,0.41,0.48,0.56,0.64,0.75,0.74,0.77,0.89,0.84,0.86,open,239670331,0.9991539966159865
2022-09-22,456,paint,action_words,0,0.03,0.04,0.07,0.1,0.17,0.2,0.3,0.35,0.4,0.45,0.52,0.7,0.65,0.68,paint,21926890,0.9896679586718347
2022-09-22,457,pick,action_words,0,0.02,0.03,0.07,0.06,0.09,0.13,0.18,0.23,0.3,0.32,0.41,0.54,0.52,0.58,pick,38542153,0.9937149748598995
2022-09-22,458,play,action_words,0.08,0.08,0.16,0.23,0.28,0.37,0.44,0.56,0.61,0.68,0.72,0.77,0.88,0.82,0.87,play,150748333,0.9984549938199753
2022-09-22,459,pour,action_words,0,0.03,0.02,0.06,0.05,0.09,0.14,0.19,0.23,0.3,0.33,0.42,0.57,0.48,0.52,pour,15002685,0.9863199452797812
2022-09-22,460,pretend,action_words,0,0.01,0.02,0.03,0.02,0.02,0.06,0.09,0.12,0.17,0.19,0.26,0.38,0.38,0.44,pretend,3251001,0.960438841755367
2022-09-22,461,pull,action_words,0.02,0.03,0.05,0.11,0.11,0.16,0.24,0.28,0.34,0.44,0.46,0.53,0.69,0.6,0.65,pull,19061871,0.9885729542918171
2022-09-22,462,push,action_words,0.03,0.06,0.09,0.16,0.19,0.24,0.31,0.4,0.46,0.57,0.55,0.62,0.78,0.73,0.76,push,20775147,0.9892419569678279
2022-09-22,463,put,action_words,0.01,0.03,0.04,0.09,0.09,0.14,0.16,0.25,0.3,0.4,0.43,0.47,0.65,0.59,0.63,put,115205090,0.9979659918639675
2022-09-22,464,read,action_words,0.08,0.11,0.16,0.25,0.29,0.34,0.41,0.51,0.58,0.69,0.7,0.7,0.88,0.79,0.78,read,322331766,0.9994629978519914
2022-09-22,465,ride,action_words,0.01,0.04,0.09,0.16,0.19,0.23,0.31,0.38,0.45,0.58,0.59,0.6,0.82,0.7,0.7,ride,26153004,0.9910989643958575
2022-09-22,466,rip,action_words,0,0.02,0.02,0.04,0.04,0.05,0.07,0.13,0.14,0.16,0.22,0.28,0.38,0.37,0.39,rip,7811993,0.9777069108276433
2022-09-22,467,run,action_words,0.03,0.04,0.12,0.2,0.22,0.27,0.38,0.48,0.54,0.65,0.67,0.67,0.83,0.77,0.81,run,117213565,0.9979869919479678
2022-09-22,468,say,action_words,0.02,0.03,0.04,0.1,0.09,0.13,0.15,0.22,0.29,0.35,0.41,0.47,0.63,0.58,0.63,say,156845267,0.9985149940599762
2022-09-22,469,see,action_words,0.06,0.1,0.15,0.26,0.29,0.33,0.43,0.46,0.55,0.66,0.68,0.73,0.83,0.76,0.79,see,681410380,0.999810999243997
2022-09-22,470,shake,action_words,0.02,0.03,0.06,0.12,0.1,0.16,0.2,0.26,0.31,0.36,0.4,0.47,0.59,0.56,0.58,shake,6839319,0.9755529022116088
2022-09-22,471,share,action_words,0,0.03,0.03,0.08,0.09,0.15,0.21,0.27,0.34,0.42,0.44,0.52,0.68,0.6,0.68,share,119294241,0.9980229920919683
2022-09-22,472,show,action_words,0.01,0.02,0.03,0.06,0.07,0.13,0.16,0.22,0.28,0.34,0.37,0.46,0.62,0.55,0.62,show,247541986,0.9991989967959872
2022-09-22,473,sing,action_words,0.03,0.05,0.07,0.14,0.16,0.23,0.34,0.39,0.47,0.59,0.6,0.63,0.79,0.7,0.76,sing,11114001,0.9829209316837267
2022-09-22,474,sit,action_words,0.11,0.14,0.21,0.35,0.34,0.4,0.5,0.58,0.64,0.72,0.73,0.73,0.89,0.79,0.8,sit,19797379,0.9888609554438218
2022-09-22,475,skate,action_words,0,0.01,0.01,0.03,0.03,0.04,0.06,0.09,0.11,0.14,0.14,0.22,0.39,0.27,0.36,skate,4932092,0.9695558782235129
2022-09-22,476,sleep,action_words,0.05,0.06,0.14,0.23,0.28,0.33,0.41,0.53,0.59,0.68,0.71,0.78,0.88,0.84,0.83,sleep,29491537,0.9918879675518703
2022-09-22,477,slide (action),action_words,0.04,0.06,0.11,0.17,0.2,0.27,0.29,0.4,0.44,0.54,0.56,0.55,0.76,0.64,0.67,slide,22339084,0.9898209592838372
2022-09-22,478,smile,action_words,0.02,0.03,0.04,0.1,0.1,0.15,0.19,0.26,0.31,0.4,0.43,0.48,0.64,0.6,0.66,smile,13893537,0.9854769419077676
2022-09-22,479,spill,action_words,0,0.03,0.03,0.07,0.08,0.13,0.19,0.23,0.29,0.37,0.44,0.48,0.67,0.6,0.63,spill,3890646,0.9646718586874348
2022-09-22,480,splash,action_words,0.03,0.06,0.09,0.15,0.16,0.15,0.26,0.32,0.4,0.46,0.52,0.55,0.72,0.64,0.69,splash,4047574,0.965493861975448
2022-09-22,481,stand,action_words,0.01,0.03,0.05,0.09,0.13,0.17,0.22,0.29,0.35,0.41,0.47,0.54,0.68,0.63,0.65,stand,46292709,0.99466897867591475
2022-09-22,482,stay,action_words,0,0.03,0.04,0.08,0.09,0.12,0.18,0.3,0.33,0.4,0.45,0.5,0.68,0.58,0.66,stay,80694073,0.996999987999952
2022-09-22,483,stop,action_words,0.08,0.09,0.18,0.24,0.28,0.37,0.44,0.53,0.59,0.7,0.72,0.74,0.88,0.81,0.85,stop,77749471,0.9968889875559502
2022-09-22,484,sweep,action_words,0.01,0.04,0.06,0.1,0.12,0.15,0.24,0.28,0.33,0.41,0.41,0.47,0.67,0.57,0.59,sweep,3623863,0.9630668522674091
2022-09-22,485,swim,action_words,0.03,0.06,0.09,0.15,0.17,0.23,0.3,0.39,0.45,0.56,0.58,0.58,0.77,0.69,0.76,swim,8739102,0.9794679178716715
2022-09-22,486,swing (action),action_words,0.08,0.09,0.14,0.24,0.28,0.31,0.37,0.45,0.5,0.62,0.61,0.59,0.82,0.68,0.72,swing,12734467,0.9845169380677523
2022-09-22,487,take,action_words,0.01,0.02,0.03,0.06,0.09,0.11,0.15,0.24,0.31,0.38,0.4,0.47,0.65,0.62,0.65,take,264349801,0.9992649970599883
2022-09-22,488,talk,action_words,0.01,0.03,0.06,0.11,0.12,0.12,0.2,0.27,0.34,0.44,0.46,0.52,0.73,0.66,0.7,talk,97850837,0.9975549902199609
2022-09-22,489,taste,action_words,0.01,0.02,0.02,0.06,0.07,0.09,0.14,0.19,0.22,0.29,0.33,0.4,0.58,0.48,0.55,taste,17311343,0.9876939507758031
2022-09-22,490,tear,action_words,0,0.02,0.02,0.03,0.03,0.04,0.08,0.09,0.14,0.18,0.19,0.28,0.41,0.36,0.39,tear,5605530,0.971934887739551
2022-09-22,491,think,action_words,0,0.02,0.02,0.03,0.02,0.03,0.06,0.1,0.11,0.16,0.21,0.25,0.4,0.37,0.44,think,217856550,0.9990279961119845
2022-09-22,492,throw,action_words,0.02,0.06,0.1,0.15,0.16,0.23,0.26,0.39,0.47,0.58,0.58,0.59,0.8,0.7,0.73,throw,15751985,0.9867909471637887
2022-09-22,493,tickle,action_words,0.08,0.11,0.18,0.26,0.25,0.26,0.36,0.46,0.52,0.63,0.62,0.63,0.82,0.73,0.75,tickle,1340122,0.9335227340909363
2022-09-22,494,touch,action_words,0.02,0.04,0.06,0.12,0.13,0.15,0.21,0.31,0.35,0.44,0.44,0.53,0.71,0.65,0.7,touch,36831035,0.9934269737078948
2022-09-22,495,wait,action_words,0.02,0.03,0.06,0.12,0.13,0.15,0.23,0.31,0.35,0.43,0.42,0.55,0.69,0.65,0.71,wait,39001376,0.9937899751599006
2022-09-22,496,wake,action_words,0,0.02,0.02,0.08,0.06,0.13,0.16,0.22,0.3,0.37,0.43,0.47,0.67,0.59,0.64,wake,14120141,0.9856809427237709
2022-09-22,497,walk,action_words,0.07,0.11,0.17,0.29,0.31,0.35,0.45,0.53,0.59,0.68,0.67,0.67,0.86,0.76,0.78,walk,39129365,0.9938079752319009
2022-09-22,498,wash,action_words,0.03,0.06,0.1,0.2,0.24,0.28,0.37,0.44,0.52,0.64,0.63,0.63,0.84,0.7,0.76,wash,12612759,0.9843909375637503
2022-09-22,499,watch (action),action_words,0.02,0.02,0.05,0.1,0.12,0.18,0.23,0.32,0.36,0.43,0.47,0.53,0.71,0.63,0.69,watch,92006970,0.9973899895599583
2022-09-22,500,wipe,action_words,0.03,0.06,0.06,0.14,0.13,0.21,0.26,0.33,0.41,0.44,0.48,0.5,0.7,0.65,0.66,wipe,2841184,0.9572228288913156
2022-09-22,501,wish,action_words,0,0.02,0.01,0.02,0.02,0.03,0.03,0.05,0.07,0.09,0.11,0.16,0.24,0.23,0.29,wish,74043644,0.9967359869439478
2022-09-22,502,work (action),action_words,0.02,0.03,0.06,0.13,0.15,0.18,0.23,0.34,0.39,0.46,0.51,0.51,0.76,0.59,0.68,work,419483948,0.999627998511994
2022-09-22,503,write,action_words,0.01,0.02,0.03,0.09,0.09,0.16,0.17,0.21,0.25,0.37,0.33,0.44,0.6,0.51,0.55,write,126645151,0.9981609926439706
2022-09-22,505,asleep,descriptive_words,0.03,0.05,0.08,0.17,0.19,0.26,0.3,0.4,0.47,0.57,0.58,0.58,0.76,0.68,0.72,asleep,3967813,0.965061860247441
2022-09-22,506,awake,descriptive_words,0.01,0.03,0.04,0.1,0.1,0.18,0.22,0.32,0.36,0.46,0.47,0.56,0.71,0.65,0.7,awake,3230337,0.9602618410473642
2022-09-22,507,bad,descriptive_words,0.05,0.09,0.1,0.14,0.19,0.23,0.28,0.33,0.41,0.51,0.53,0.59,0.73,0.64,0.71,bad,95096787,0.9974799899199597
2022-09-22,508,better,descriptive_words,0.01,0.03,0.04,0.09,0.08,0.13,0.2,0.23,0.28,0.34,0.41,0.48,0.61,0.53,0.61,better,157079378,0.9985179940719763
2022-09-22,509,big,descriptive_words,0.05,0.1,0.15,0.24,0.32,0.37,0.46,0.55,0.62,0.71,0.72,0.76,0.88,0.82,0.82,big,216690546,0.9990129960519842
2022-09-22,510,black,descriptive_words,0.03,0.04,0.06,0.12,0.13,0.17,0.27,0.34,0.4,0.47,0.48,0.53,0.7,0.66,0.71,black,244690155,0.999189996759987
2022-09-22,511,blue,descriptive_words,0.07,0.12,0.18,0.28,0.32,0.35,0.42,0.57,0.62,0.69,0.68,0.74,0.85,0.81,0.84,blue,126160941,0.9981489925959703
2022-09-22,512,broken,descriptive_words,0.03,0.04,0.09,0.16,0.22,0.28,0.36,0.47,0.55,0.62,0.66,0.68,0.86,0.76,0.8,broken,31399439,0.9923979695918783
2022-09-22,513,brown,descriptive_words,0.01,0.04,0.04,0.11,0.1,0.13,0.21,0.29,0.35,0.4,0.44,0.49,0.64,0.6,0.66,brown,64112042,0.9961989847959392
2022-09-22,514,careful,descriptive_words,0.02,0.03,0.06,0.12,0.13,0.17,0.22,0.29,0.33,0.44,0.44,0.5,0.7,0.61,0.67,careful,11836566,0.9835959343837375
2022-09-22,515,clean (description),descriptive_words,0.02,0.05,0.11,0.2,0.21,0.29,0.37,0.43,0.51,0.6,0.63,0.63,0.81,0.74,0.79,clean,45381752,0.9945759783039132
2022-09-22,516,cold,descriptive_words,0.11,0.15,0.27,0.36,0.44,0.48,0.54,0.62,0.69,0.77,0.79,0.75,0.92,0.84,0.86,cold,40833613,0.9940449761799047
2022-09-22,517,cute,descriptive_words,0.02,0.05,0.07,0.1,0.14,0.19,0.21,0.3,0.33,0.35,0.42,0.44,0.59,0.56,0.6,cute,17912721,0.9880149520598083
2022-09-22,518,dark,descriptive_words,0.02,0.03,0.06,0.1,0.13,0.15,0.21,0.29,0.39,0.48,0.46,0.51,0.72,0.64,0.66,dark,50669807,0.9950829803319213
2022-09-22,519,dirty,descriptive_words,0.05,0.1,0.15,0.27,0.34,0.4,0.42,0.52,0.61,0.7,0.71,0.72,0.87,0.8,0.82,dirty,16101662,0.9870189480757923
2022-09-22,520,dry (description),descriptive_words,0.02,0.03,0.05,0.11,0.1,0.15,0.19,0.29,0.33,0.38,0.43,0.47,0.71,0.6,0.63,dry,31744277,0.9924819699278797
2022-09-22,521,empty,descriptive_words,0.04,0.03,0.07,0.14,0.14,0.19,0.22,0.3,0.37,0.43,0.44,0.52,0.66,0.58,0.63,empty,26206017,0.9911109644438578
2022-09-22,522,fast,descriptive_words,0.01,0.04,0.05,0.08,0.13,0.17,0.24,0.35,0.41,0.47,0.52,0.56,0.72,0.68,0.72,fast,93941472,0.9974469897879592
2022-09-22,523,fine,descriptive_words,0,0.02,0.02,0.02,0.03,0.05,0.07,0.11,0.14,0.18,0.2,0.28,0.38,0.33,0.4,fine,71972425,0.9966609866439465
2022-09-22,524,first,descriptive_words,0,0.02,0.02,0.04,0.05,0.06,0.12,0.15,0.18,0.25,0.28,0.38,0.53,0.49,0.54,first,578161543,0.999753999015996
2022-09-22,525,full,descriptive_words,0.01,0.02,0.04,0.08,0.09,0.13,0.16,0.21,0.29,0.33,0.38,0.46,0.64,0.56,0.64,full,309929179,0.9994149976599906
2022-09-22,526,gentle,descriptive_words,0.03,0.08,0.1,0.13,0.11,0.17,0.2,0.28,0.33,0.39,0.37,0.42,0.54,0.51,0.58,gentle,6913935,0.9757779031116125
2022-09-22,527,good,descriptive_words,0.04,0.11,0.15,0.2,0.24,0.28,0.32,0.4,0.48,0.56,0.6,0.64,0.81,0.76,0.76,good,365796396,0.9995379981519926
2022-09-22,528,green,descriptive_words,0.03,0.08,0.1,0.2,0.2,0.29,0.31,0.47,0.5,0.58,0.57,0.64,0.79,0.75,0.79,green,108287905,0.9978039912159649
2022-09-22,529,happy,descriptive_words,0.07,0.1,0.14,0.22,0.28,0.31,0.35,0.46,0.5,0.6,0.6,0.68,0.77,0.75,0.8,happy,63471922,0.9961629846519386
2022-09-22,530,hard,descriptive_words,0.01,0.02,0.03,0.07,0.06,0.1,0.12,0.2,0.24,0.32,0.33,0.39,0.59,0.56,0.57,hard,130054708,0.9982149928599714
2022-09-22,531,heavy,descriptive_words,0.03,0.05,0.05,0.13,0.17,0.2,0.29,0.36,0.44,0.52,0.55,0.62,0.78,0.72,0.75,heavy,37668153,0.9935679742718971
2022-09-22,532,high,descriptive_words,0.01,0.03,0.05,0.08,0.08,0.15,0.19,0.26,0.33,0.41,0.42,0.48,0.66,0.61,0.66,high,345413157,0.9995109980439921
2022-09-22,533,hot,descriptive_words,0.3,0.33,0.46,0.59,0.63,0.68,0.64,0.71,0.77,0.84,0.82,0.8,0.95,0.88,0.87,hot,159287179,0.9985419941679766
2022-09-22,534,hungry,descriptive_words,0.04,0.08,0.11,0.18,0.21,0.25,0.33,0.39,0.48,0.54,0.56,0.66,0.8,0.75,0.78,hungry,6217455,0.973872895491582
2022-09-22,535,hurt,descriptive_words,0.03,0.05,0.08,0.15,0.21,0.2,0.27,0.4,0.45,0.57,0.56,0.6,0.79,0.69,0.73,hurt,12936269,0.9847239388957556
2022-09-22,536,last,descriptive_words,0,0.02,0.02,0.03,0.02,0.03,0.05,0.09,0.1,0.11,0.15,0.2,0.32,0.31,0.36,last,417601616,0.999624998499994
2022-09-22,537,little (description),descriptive_words,0,0.04,0.05,0.1,0.11,0.15,0.22,0.32,0.39,0.5,0.53,0.55,0.76,0.69,0.72,little,187142519,0.998808995235981
2022-09-22,538,long,descriptive_words,0,0.02,0.02,0.04,0.03,0.04,0.06,0.11,0.15,0.18,0.21,0.27,0.43,0.41,0.49,long,252519588,0.9992109968439874
2022-09-22,539,loud,descriptive_words,0.01,0.03,0.04,0.08,0.1,0.13,0.19,0.31,0.35,0.42,0.49,0.54,0.66,0.63,0.71,loud,8653692,0.9793389173556695
2022-09-22,540,mad,descriptive_words,0,0.03,0.03,0.04,0.06,0.07,0.14,0.16,0.23,0.29,0.31,0.43,0.56,0.52,0.56,mad,16468434,0.9872589490357961
2022-09-22,541,naughty,descriptive_words,0.01,0.03,0.05,0.05,0.05,0.04,0.05,0.08,0.15,0.16,0.18,0.2,0.29,0.3,0.28,naughty,6845743,0.9755859023436094
2022-09-22,542,new,descriptive_words,0,0.02,0.03,0.05,0.07,0.1,0.1,0.18,0.22,0.28,0.34,0.36,0.55,0.5,0.55,new,1551258643,0.9999219996879988
2022-09-22,543,nice,descriptive_words,0.04,0.05,0.1,0.18,0.21,0.25,0.26,0.35,0.38,0.44,0.49,0.55,0.71,0.64,0.69,nice,69395609,0.9965319861279445
2022-09-22,544,noisy,descriptive_words,0,0.03,0.03,0.07,0.07,0.1,0.14,0.2,0.24,0.26,0.33,0.38,0.53,0.52,0.52,noisy,3722908,0.9636908547634191
2022-09-22,545,old,descriptive_words,0,0.03,0.02,0.04,0.03,0.07,0.09,0.13,0.17,0.19,0.23,0.3,0.46,0.42,0.46,old,199694226,0.9988899955599823
2022-09-22,546,orange (description),descriptive_words,0.03,0.06,0.07,0.2,0.2,0.29,0.33,0.43,0.5,0.58,0.59,0.66,0.79,0.76,0.76,orange,37316112,0.9935109740438962
2022-09-22,547,poor,descriptive_words,0,0.01,0.02,0.02,0.02,0.02,0.03,0.05,0.06,0.09,0.11,0.12,0.25,0.21,0.24,poor,48053008,0.994869979479918
2022-09-22,548,pretty,descriptive_words,0.07,0.1,0.11,0.22,0.23,0.26,0.36,0.35,0.39,0.49,0.49,0.5,0.73,0.61,0.66,pretty,51621090,0.9952119808479234
2022-09-22,549,quiet,descriptive_words,0.01,0.03,0.04,0.07,0.07,0.14,0.18,0.26,0.33,0.39,0.42,0.46,0.66,0.59,0.66,quiet,16746894,0.9873879495517982
2022-09-22,550,red,descriptive_words,0.05,0.09,0.11,0.2,0.23,0.31,0.35,0.48,0.52,0.6,0.63,0.67,0.8,0.77,0.78,red,140799532,0.9983409933639734
2022-09-22,551,sad,descriptive_words,0.01,0.03,0.04,0.09,0.11,0.16,0.22,0.32,0.37,0.43,0.45,0.52,0.69,0.64,0.7,sad,13010129,0.9847899391597567
2022-09-22,552,scared,descriptive_words,0.01,0.02,0.03,0.05,0.07,0.11,0.15,0.26,0.31,0.37,0.43,0.53,0.71,0.61,0.69,scared,5071401,0.9700568802275209
2022-09-22,553,sick,descriptive_words,0,0.03,0.03,0.07,0.08,0.13,0.18,0.23,0.29,0.37,0.39,0.5,0.69,0.59,0.66,sick,15965297,0.9869289477157909
2022-09-22,554,sleepy,descriptive_words,0.03,0.05,0.09,0.14,0.16,0.2,0.26,0.34,0.4,0.49,0.56,0.56,0.72,0.63,0.67,sleepy,2303460,0.9516698066792267
2022-09-22,555,slow,descriptive_words,0,0.02,0.02,0.06,0.04,0.1,0.09,0.16,0.21,0.26,0.28,0.36,0.51,0.53,0.57,slow,26870240,0.9912999651998607
2022-09-22,556,soft,descriptive_words,0.02,0.05,0.08,0.16,0.14,0.16,0.19,0.32,0.35,0.43,0.45,0.5,0.68,0.61,0.65,soft,39440877,0.9938469753879016
2022-09-22,557,sticky,descriptive_words,0.03,0.04,0.06,0.11,0.12,0.14,0.21,0.27,0.33,0.42,0.43,0.46,0.66,0.61,0.63,sticky,5698936,0.9722648890595562
2022-09-22,558,stuck,descriptive_words,0.03,0.07,0.08,0.15,0.19,0.21,0.23,0.33,0.39,0.43,0.46,0.54,0.71,0.61,0.62,stuck,9120620,0.9801129204516819
2022-09-22,559,thirsty,descriptive_words,0.02,0.04,0.06,0.12,0.15,0.16,0.24,0.31,0.37,0.41,0.47,0.54,0.71,0.59,0.67,thirsty,1073394,0.9242856971427885
2022-09-22,560,tiny,descriptive_words,0,0.02,0.02,0.03,0.04,0.06,0.07,0.15,0.17,0.16,0.22,0.26,0.39,0.39,0.43,tiny,17298541,0.987684950739803
2022-09-22,561,tired,descriptive_words,0,0.04,0.05,0.1,0.11,0.16,0.23,0.32,0.37,0.44,0.49,0.53,0.75,0.66,0.71,tired,11158233,0.9829689318757275
2022-09-22,562,wet,descriptive_words,0.05,0.1,0.14,0.27,0.32,0.4,0.42,0.54,0.59,0.7,0.73,0.72,0.89,0.79,0.82,wet,23918294,0.990378961515846
2022-09-22,563,white,descriptive_words,0.01,0.03,0.04,0.09,0.11,0.15,0.22,0.33,0.35,0.39,0.44,0.51,0.67,0.65,0.66,white,209863729,0.9989589958359834
2022-09-22,564,windy,descriptive_words,0.02,0.04,0.04,0.1,0.11,0.11,0.14,0.28,0.31,0.38,0.4,0.45,0.6,0.55,0.61,windy,2162674,0.9497167988671955
2022-09-22,565,yellow,descriptive_words,0.05,0.08,0.11,0.23,0.25,0.29,0.36,0.45,0.53,0.59,0.6,0.69,0.78,0.75,0.78,yellow,82024459,0.9970539882159528
2022-09-22,566,yucky,descriptive_words,0.15,0.16,0.29,0.37,0.37,0.41,0.45,0.56,0.57,0.68,0.67,0.66,0.83,0.73,0.76,yucky,154277,0.766752067008268
2022-09-22,579,he,pronouns,0,0.02,0.03,0.04,0.06,0.09,0.14,0.16,0.21,0.25,0.32,0.43,0.56,0.54,0.57,he,842847219,0.9998439993759975
2022-09-22,580,her,pronouns,0,0.02,0.02,0.04,0.04,0.05,0.08,0.12,0.15,0.21,0.24,0.31,0.42,0.41,0.47,her,391961061,0.9995889983559935
2022-09-22,581,hers,pronouns,0,0.02,0.02,0.02,0.03,0.03,0.06,0.08,0.1,0.13,0.15,0.22,0.32,0.28,0.35,hers,2073030,0.948495793983176
2022-09-22,582,him,pronouns,0,0.02,0.01,0.04,0.03,0.05,0.08,0.11,0.13,0.17,0.24,0.29,0.41,0.38,0.45,him,219516023,0.9990399961599846
2022-09-22,583,his,pronouns,0,0.02,0.01,0.02,0.03,0.05,0.08,0.1,0.13,0.18,0.2,0.26,0.38,0.36,0.43,his,660177731,0.9998019992079968
2022-09-22,584,I,pronouns,0.04,0.09,0.14,0.23,0.22,0.29,0.32,0.4,0.44,0.6,0.6,0.62,0.79,0.72,0.78,i,3086225277,0.9999609998439993
2022-09-22,585,it,pronouns,0.03,0.05,0.07,0.13,0.14,0.16,0.23,0.28,0.31,0.41,0.41,0.47,0.67,0.59,0.65,it,2813163874,0.9999549998199992
2022-09-22,586,me,pronouns,0.11,0.19,0.25,0.34,0.37,0.42,0.46,0.54,0.6,0.69,0.69,0.76,0.85,0.81,0.83,me,566617666,0.9997359989439958
2022-09-22,587,mine,pronouns,0.19,0.22,0.35,0.44,0.49,0.6,0.64,0.66,0.72,0.81,0.79,0.82,0.9,0.88,0.86,mine,28795477,0.9916989667958672
2022-09-22,588,my,pronouns,0.07,0.07,0.09,0.2,0.21,0.25,0.3,0.36,0.47,0.54,0.59,0.58,0.78,0.74,0.74,my,1059793441,0.9998859995439981
2022-09-22,589,myself,pronouns,0,0.02,0.02,0.02,0.02,0.02,0.07,0.12,0.13,0.16,0.21,0.22,0.39,0.32,0.41,myself,37983649,0.9936069744278977
2022-09-22,590,our,pronouns,0,0.02,0.01,0.02,0.02,0.03,0.05,0.07,0.08,0.11,0.15,0.2,0.3,0.27,0.32,our,998757982,0.9998709994839979
2022-09-22,591,she,pronouns,0,0.02,0.03,0.05,0.04,0.07,0.11,0.12,0.18,0.21,0.3,0.36,0.46,0.48,0.51,she,339171382,0.9994929979719919
2022-09-22,592,that,pronouns,0.13,0.17,0.16,0.22,0.26,0.26,0.35,0.39,0.44,0.52,0.55,0.59,0.76,0.65,0.7,that,3400031103,0.9999729998919996
2022-09-22,593,their,pronouns,0,0.02,0.01,0.02,0.02,0.02,0.03,0.05,0.06,0.08,0.11,0.18,0.25,0.24,0.27,their,782849411,0.9998289993159972
2022-09-22,594,them,pronouns,0,0.01,0.01,0.03,0.03,0.03,0.06,0.08,0.09,0.14,0.19,0.24,0.33,0.3,0.34,them,403000411,0.9996039984159937
2022-09-22,595,these,pronouns,0.02,0.03,0.04,0.05,0.08,0.08,0.11,0.15,0.18,0.25,0.31,0.35,0.48,0.41,0.44,these,541003982,0.9997239988959956
2022-09-22,596,they,pronouns,0,0.02,0.01,0.02,0.03,0.02,0.04,0.08,0.1,0.12,0.18,0.23,0.34,0.35,0.4,they,883223816,0.9998499993999976
2022-09-22,597,this,pronouns,0.12,0.14,0.16,0.21,0.23,0.24,0.33,0.36,0.42,0.48,0.55,0.53,0.74,0.6,0.66,this,3228469771,0.9999669998679994
2022-09-22,598,those,pronouns,0.01,0.02,0.02,0.04,0.05,0.04,0.06,0.1,0.14,0.16,0.18,0.25,0.4,0.35,0.4,those,270014141,0.9992889971559886
2022-09-22,599,us,pronouns,0,0.01,0.01,0.02,0.02,0.01,0.05,0.07,0.07,0.11,0.13,0.17,0.25,0.26,0.3,us,1229112622,0.9998979995919983
2022-09-22,600,we,pronouns,0,0.03,0.02,0.03,0.04,0.04,0.1,0.09,0.13,0.19,0.22,0.35,0.41,0.39,0.45,we,1390661912,0.9999099996399986
2022-09-22,601,you,pronouns,0.07,0.07,0.14,0.2,0.24,0.27,0.35,0.43,0.47,0.57,0.63,0.7,0.82,0.78,0.8,you,2996181025,0.9999579998319993
2022-09-22,602,your,pronouns,0,0.02,0.01,0.04,0.04,0.05,0.08,0.13,0.17,0.23,0.27,0.29,0.49,0.44,0.51,your,2062066547,0.9999309997239989
2022-09-22,603,yourself,pronouns,0,0.01,0.01,0.01,0.02,0,0.02,0.04,0.05,0.06,0.09,0.12,0.2,0.15,0.22,yourself,51531914,0.9951969807879232
2022-09-22,604,how,question_words,0,0.02,0.03,0.03,0.05,0.05,0.08,0.12,0.14,0.17,0.24,0.3,0.41,0.4,0.46,how,571848080,0.9997419989679959
2022-09-22,605,what,question_words,0.11,0.14,0.16,0.21,0.24,0.25,0.38,0.43,0.47,0.56,0.58,0.7,0.79,0.73,0.78,what,812395582,0.9998349993399973
2022-09-22,606,when,question_words,0,0.02,0.02,0.02,0.02,0.03,0.03,0.06,0.07,0.11,0.18,0.24,0.3,0.29,0.39,when,650621178,0.9997989991959968
2022-09-22,607,where,question_words,0.04,0.08,0.09,0.12,0.14,0.17,0.27,0.39,0.42,0.48,0.52,0.61,0.76,0.68,0.71,where,360468339,0.9995259981039925
2022-09-22,608,which,question_words,0,0.02,0.02,0.02,0.02,0.02,0.02,0.04,0.06,0.08,0.11,0.12,0.19,0.23,0.26,which,810514085,0.9998319993279973
2022-09-22,609,who,question_words,0.03,0.04,0.05,0.05,0.09,0.09,0.14,0.18,0.22,0.27,0.32,0.44,0.55,0.49,0.58,who,630927278,0.9997869991479966
2022-09-22,610,why,question_words,0.02,0.06,0.08,0.11,0.12,0.13,0.18,0.25,0.25,0.31,0.4,0.5,0.54,0.59,0.58,why,192000672,0.9988479953919815
2022-09-22,637,a,quantifiers,0.04,0.05,0.07,0.12,0.13,0.16,0.23,0.25,0.3,0.37,0.4,0.48,0.61,0.54,0.62,a,9081174698,0.9999879999519998
2022-09-22,638,all,quantifiers,0.03,0.05,0.07,0.12,0.12,0.15,0.19,0.3,0.33,0.39,0.43,0.49,0.67,0.59,0.65,all,2022459848,0.9999279997119989
2022-09-22,639,a lot,quantifiers,0,0.02,0.03,0.05,0.05,0.05,0.11,0.17,0.18,0.25,0.29,0.35,0.48,0.49,0.53,alot,5929674,0.9730058920235681
2022-09-22,640,an,quantifiers,0.01,0.02,0.01,0.02,0.02,0.02,0.04,0.03,0.05,0.09,0.1,0.12,0.17,0.18,0.22,an,1518266684,0.9999159996639987
2022-09-22,641,another,quantifiers,0.01,0.03,0.04,0.06,0.06,0.08,0.11,0.19,0.22,0.28,0.35,0.36,0.53,0.45,0.52,another,192535750,0.9988509954039816
2022-09-22,642,any,quantifiers,0,0.02,0.02,0.03,0.02,0.03,0.05,0.09,0.13,0.16,0.22,0.32,0.41,0.36,0.42,any,710741293,0.999816999267997
2022-09-22,643,each,quantifiers,0,0.02,0.02,0.02,0.01,0.01,0.04,0.03,0.05,0.06,0.08,0.15,0.14,0.18,0.2,each,340892856,0.999498997995992
2022-09-22,644,every,quantifiers,0,0.02,0.02,0.02,0.01,0.02,0.03,0.07,0.08,0.11,0.15,0.19,0.26,0.31,0.32,every,189325890,0.9988239952959812
2022-09-22,645,more,quantifiers,0.22,0.29,0.39,0.45,0.5,0.52,0.59,0.68,0.7,0.75,0.75,0.79,0.91,0.87,0.86,more,1544771673,0.9999189996759987
2022-09-22,646,much,quantifiers,0.01,0.02,0.03,0.04,0.03,0.04,0.08,0.11,0.14,0.16,0.2,0.21,0.35,0.31,0.39,much,242326300,0.9991659966639866
2022-09-22,647,none,quantifiers,0.01,0.03,0.04,0.05,0.06,0.07,0.09,0.15,0.15,0.18,0.21,0.26,0.36,0.36,0.42,none,85523201,0.9971979887919552
2022-09-22,648,not,quantifiers,0.01,0.03,0.04,0.06,0.06,0.11,0.13,0.18,0.25,0.29,0.36,0.42,0.61,0.51,0.52,not,2633487141,0.9999519998079992
2022-09-22,649,other,quantifiers,0,0.02,0.02,0.04,0.03,0.08,0.1,0.18,0.18,0.24,0.29,0.33,0.49,0.41,0.43,other,978481319,0.9998649994599978
2022-09-22,650,same,quantifiers,0,0.02,0.02,0.02,0.04,0.03,0.06,0.13,0.16,0.16,0.24,0.28,0.33,0.39,0.43,same,234822585,0.9991359965439862
2022-09-22,651,some,quantifiers,0.01,0.03,0.06,0.1,0.13,0.14,0.21,0.26,0.31,0.39,0.43,0.48,0.68,0.56,0.63,some,548829454,0.9997269989079957
2022-09-22,652,the,quantifiers,0.02,0.04,0.04,0.08,0.08,0.1,0.16,0.19,0.26,0.29,0.38,0.44,0.62,0.51,0.61,the,23135851162,1
2022-09-22,653,too,quantifiers,0.02,0.04,0.06,0.1,0.12,0.17,0.24,0.26,0.37,0.42,0.49,0.52,0.71,0.61,0.68,too,176093255,0.9986949947799791
2022-09-22,654,am,helping_verbs,0.01,0.02,0.02,0.04,0.06,0.06,0.1,0.13,0.18,0.23,0.27,0.34,0.48,0.48,0.53,am,576436203,0.999750999003996
2022-09-22,655,are,helping_verbs,0,0.02,0.02,0.02,0.04,0.04,0.08,0.1,0.15,0.16,0.23,0.28,0.44,0.38,0.48,are,2393614870,0.9999429997719991
2022-09-22,656,be,helping_verbs,0,0.03,0.02,0.05,0.03,0.05,0.08,0.11,0.13,0.17,0.23,0.25,0.38,0.36,0.42,be,2398724162,0.9999459997839991
2022-09-22,657,can (auxiliary),helping_verbs,0.01,0.02,0.03,0.07,0.06,0.07,0.15,0.21,0.23,0.31,0.32,0.43,0.6,0.56,0.62,can,1242323499,0.9999009996039984
2022-09-22,658,could,helping_verbs,0,0.02,0.02,0.02,0.02,0.02,0.02,0.05,0.05,0.08,0.11,0.14,0.22,0.23,0.27,could,302311431,0.99937899751599
2022-09-22,659,did/did ya,helping_verbs,0.02,0.03,0.04,0.06,0.07,0.09,0.11,0.2,0.21,0.25,0.32,0.42,0.56,0.47,0.57,did,275369513,0.9993069972279889
2022-09-22,660,do,helping_verbs,0.04,0.09,0.11,0.17,0.2,0.27,0.29,0.38,0.44,0.5,0.53,0.61,0.77,0.66,0.69,do,950751722,0.9998619994479978
2022-09-22,661,does,helping_verbs,0,0.02,0.02,0.03,0.02,0.03,0.05,0.09,0.09,0.14,0.18,0.22,0.34,0.34,0.36,does,314018806,0.999438997755991
2022-09-22,663,gonna/going to,helping_verbs,0.01,0.03,0.05,0.06,0.07,0.11,0.13,0.23,0.25,0.29,0.38,0.42,0.59,0.53,0.58,gonna,13542156,0.9852219408877636
2022-09-22,664,gotta/got to,helping_verbs,0.01,0.02,0.03,0.03,0.03,0.04,0.08,0.12,0.13,0.14,0.2,0.24,0.37,0.32,0.39,gotta,6870320,0.9756519026076105
2022-09-22,665,hafta/have to,helping_verbs,0.01,0.02,0.02,0.04,0.03,0.04,0.06,0.13,0.15,0.18,0.26,0.34,0.45,0.43,0.49,hafta,82485,0.66687566750267
2022-09-22,666,is,helping_verbs,0.02,0.03,0.03,0.06,0.07,0.07,0.16,0.18,0.21,0.27,0.36,0.42,0.56,0.51,0.6,is,4705743816,0.9999789999159997
2022-09-22,667,lemme/let me,helping_verbs,0.01,0.03,0.05,0.07,0.1,0.12,0.2,0.23,0.3,0.4,0.44,0.51,0.68,0.6,0.65,lemme,382355,0.8617204468817875
2022-09-22,668,need/need to,helping_verbs,0,0.03,0.05,0.06,0.07,0.1,0.12,0.21,0.24,0.29,0.35,0.41,0.56,0.55,0.59,need,319376932,0.9994539978159913
2022-09-22,669,try/try to,helping_verbs,0,0.03,0.04,0.06,0.06,0.1,0.14,0.22,0.27,0.29,0.35,0.4,0.53,0.5,0.58,try,114384208,0.9979509918039672
2022-09-22,670,wanna/want to,helping_verbs,0.04,0.07,0.09,0.12,0.17,0.21,0.26,0.38,0.4,0.49,0.56,0.62,0.77,0.7,0.75,wanna,10232302,0.9818019272077089
2022-09-22,671,was,helping_verbs,0,0.02,0.02,0.03,0.01,0.02,0.05,0.07,0.09,0.11,0.17,0.23,0.34,0.32,0.38,was,1483428678,0.9999129996519986
2022-09-22,672,were,helping_verbs,0,0.02,0.02,0.02,0.01,0.02,0.02,0.04,0.05,0.07,0.11,0.16,0.23,0.21,0.27,were,570699558,0.9997389989559958
2022-09-22,673,will,helping_verbs,0,0.02,0.02,0.03,0.03,0.04,0.06,0.08,0.09,0.13,0.19,0.23,0.36,0.35,0.41,will,1356293641,0.9999069996279986
2022-09-22,674,would,helping_verbs,0,0.02,0.02,0.02,0.02,0.01,0.03,0.03,0.04,0.06,0.07,0.12,0.16,0.16,0.23,would,572644147,0.9997449989799959
2022-09-22,675,and,connecting_words,0.01,0.03,0.03,0.05,0.08,0.09,0.15,0.27,0.29,0.34,0.46,0.48,0.64,0.6,0.66,and,12997637966,0.9999939999759999
2022-09-22,676,because,connecting_words,0,0.02,0.02,0.03,0.04,0.03,0.06,0.11,0.11,0.13,0.22,0.26,0.36,0.35,0.44,because,271323986,0.9992949971799887
2022-09-22,677,but,connecting_words,0.01,0.03,0.02,0.03,0.03,0.03,0.07,0.07,0.07,0.1,0.15,0.2,0.26,0.3,0.35,but,999899654,0.999873999495998
2022-09-22,678,if,connecting_words,0,0.02,0.02,0.02,0.02,0.01,0.04,0.04,0.04,0.07,0.09,0.12,0.18,0.2,0.24,if,1134987907,0.9998919995679982
2022-09-22,679,so,connecting_words,0,0.03,0.02,0.03,0.04,0.04,0.08,0.08,0.1,0.12,0.16,0.23,0.29,0.28,0.35,so,661809559,0.9998049992199969
2022-09-22,680,then,connecting_words,0,0.02,0.01,0.02,0.02,0.02,0.03,0.08,0.07,0.08,0.16,0.2,0.27,0.28,0.33,then,369928941,0.9995439981759927
